{
  "count": 312,
  "lastUpdated": "2025-11-29T21:09:12.632Z",
  "municipalities": [
    {
      "id": "0000",
      "name": "Riket",
      "type": "L"
    },
    {
      "id": "0001",
      "name": "Region Stockholm",
      "type": "L"
    },
    {
      "id": "0003",
      "name": "Region Uppsala",
      "type": "L"
    },
    {
      "id": "0004",
      "name": "Region Sörmland",
      "type": "L"
    },
    {
      "id": "0005",
      "name": "Region Östergötland",
      "type": "L"
    },
    {
      "id": "0006",
      "name": "Region Jönköpings län",
      "type": "L"
    },
    {
      "id": "0007",
      "name": "Region Kronoberg",
      "type": "L"
    },
    {
      "id": "0008",
      "name": "Region Kalmar",
      "type": "L"
    },
    {
      "id": "0009",
      "name": "Region Gotland",
      "type": "L"
    },
    {
      "id": "0010",
      "name": "Region Blekinge",
      "type": "L"
    },
    {
      "id": "0012",
      "name": "Region Skåne",
      "type": "L"
    },
    {
      "id": "0013",
      "name": "Region Halland",
      "type": "L"
    },
    {
      "id": "0014",
      "name": "Västra Götalandsregionen",
      "type": "L"
    },
    {
      "id": "0017",
      "name": "Region Värmland",
      "type": "L"
    },
    {
      "id": "0018",
      "name": "Region Örebro län",
      "type": "L"
    },
    {
      "id": "0019",
      "name": "Region Västmanland",
      "type": "L"
    },
    {
      "id": "0020",
      "name": "Region Dalarna",
      "type": "L"
    },
    {
      "id": "0021",
      "name": "Region Gävleborg",
      "type": "L"
    },
    {
      "id": "0022",
      "name": "Region Västernorrland",
      "type": "L"
    },
    {
      "id": "0023",
      "name": "Region Jämtland Härjedalen",
      "type": "L"
    },
    {
      "id": "0024",
      "name": "Region Västerbotten",
      "type": "L"
    },
    {
      "id": "0025",
      "name": "Region Norrbotten",
      "type": "L"
    },
    {
      "id": "0114",
      "name": "Upplands Väsby",
      "type": "K"
    },
    {
      "id": "0115",
      "name": "Vallentuna",
      "type": "K"
    },
    {
      "id": "0117",
      "name": "Österåker",
      "type": "K"
    },
    {
      "id": "0120",
      "name": "Värmdö",
      "type": "K"
    },
    {
      "id": "0123",
      "name": "Järfälla",
      "type": "K"
    },
    {
      "id": "0125",
      "name": "Ekerö",
      "type": "K"
    },
    {
      "id": "0126",
      "name": "Huddinge",
      "type": "K"
    },
    {
      "id": "0127",
      "name": "Botkyrka",
      "type": "K"
    },
    {
      "id": "0128",
      "name": "Salem",
      "type": "K"
    },
    {
      "id": "0136",
      "name": "Haninge",
      "type": "K"
    },
    {
      "id": "0138",
      "name": "Tyresö",
      "type": "K"
    },
    {
      "id": "0139",
      "name": "Upplands-Bro",
      "type": "K"
    },
    {
      "id": "0140",
      "name": "Nykvarn",
      "type": "K"
    },
    {
      "id": "0160",
      "name": "Täby",
      "type": "K"
    },
    {
      "id": "0162",
      "name": "Danderyd",
      "type": "K"
    },
    {
      "id": "0163",
      "name": "Sollentuna",
      "type": "K"
    },
    {
      "id": "0180",
      "name": "Stockholm",
      "type": "K"
    },
    {
      "id": "0181",
      "name": "Södertälje",
      "type": "K"
    },
    {
      "id": "0182",
      "name": "Nacka",
      "type": "K"
    },
    {
      "id": "0183",
      "name": "Sundbyberg",
      "type": "K"
    },
    {
      "id": "0184",
      "name": "Solna",
      "type": "K"
    },
    {
      "id": "0186",
      "name": "Lidingö",
      "type": "K"
    },
    {
      "id": "0187",
      "name": "Vaxholm",
      "type": "K"
    },
    {
      "id": "0188",
      "name": "Norrtälje",
      "type": "K"
    },
    {
      "id": "0191",
      "name": "Sigtuna",
      "type": "K"
    },
    {
      "id": "0192",
      "name": "Nynäshamn",
      "type": "K"
    },
    {
      "id": "0305",
      "name": "Håbo",
      "type": "K"
    },
    {
      "id": "0319",
      "name": "Älvkarleby",
      "type": "K"
    },
    {
      "id": "0330",
      "name": "Knivsta",
      "type": "K"
    },
    {
      "id": "0331",
      "name": "Heby",
      "type": "K"
    },
    {
      "id": "0360",
      "name": "Tierp",
      "type": "K"
    },
    {
      "id": "0380",
      "name": "Uppsala",
      "type": "K"
    },
    {
      "id": "0381",
      "name": "Enköping",
      "type": "K"
    },
    {
      "id": "0382",
      "name": "Östhammar",
      "type": "K"
    },
    {
      "id": "0428",
      "name": "Vingåker",
      "type": "K"
    },
    {
      "id": "0461",
      "name": "Gnesta",
      "type": "K"
    },
    {
      "id": "0480",
      "name": "Nyköping",
      "type": "K"
    },
    {
      "id": "0481",
      "name": "Oxelösund",
      "type": "K"
    },
    {
      "id": "0482",
      "name": "Flen",
      "type": "K"
    },
    {
      "id": "0483",
      "name": "Katrineholm",
      "type": "K"
    },
    {
      "id": "0484",
      "name": "Eskilstuna",
      "type": "K"
    },
    {
      "id": "0486",
      "name": "Strängnäs",
      "type": "K"
    },
    {
      "id": "0488",
      "name": "Trosa",
      "type": "K"
    },
    {
      "id": "0509",
      "name": "Ödeshög",
      "type": "K"
    },
    {
      "id": "0512",
      "name": "Ydre",
      "type": "K"
    },
    {
      "id": "0513",
      "name": "Kinda",
      "type": "K"
    },
    {
      "id": "0560",
      "name": "Boxholm",
      "type": "K"
    },
    {
      "id": "0561",
      "name": "Åtvidaberg",
      "type": "K"
    },
    {
      "id": "0562",
      "name": "Finspång",
      "type": "K"
    },
    {
      "id": "0563",
      "name": "Valdemarsvik",
      "type": "K"
    },
    {
      "id": "0580",
      "name": "Linköping",
      "type": "K"
    },
    {
      "id": "0581",
      "name": "Norrköping",
      "type": "K"
    },
    {
      "id": "0582",
      "name": "Söderköping",
      "type": "K"
    },
    {
      "id": "0583",
      "name": "Motala",
      "type": "K"
    },
    {
      "id": "0584",
      "name": "Vadstena",
      "type": "K"
    },
    {
      "id": "0586",
      "name": "Mjölby",
      "type": "K"
    },
    {
      "id": "0604",
      "name": "Aneby",
      "type": "K"
    },
    {
      "id": "0617",
      "name": "Gnosjö",
      "type": "K"
    },
    {
      "id": "0642",
      "name": "Mullsjö",
      "type": "K"
    },
    {
      "id": "0643",
      "name": "Habo",
      "type": "K"
    },
    {
      "id": "0662",
      "name": "Gislaved",
      "type": "K"
    },
    {
      "id": "0665",
      "name": "Vaggeryd",
      "type": "K"
    },
    {
      "id": "0680",
      "name": "Jönköping",
      "type": "K"
    },
    {
      "id": "0682",
      "name": "Nässjö",
      "type": "K"
    },
    {
      "id": "0683",
      "name": "Värnamo",
      "type": "K"
    },
    {
      "id": "0684",
      "name": "Sävsjö",
      "type": "K"
    },
    {
      "id": "0685",
      "name": "Vetlanda",
      "type": "K"
    },
    {
      "id": "0686",
      "name": "Eksjö",
      "type": "K"
    },
    {
      "id": "0687",
      "name": "Tranås",
      "type": "K"
    },
    {
      "id": "0760",
      "name": "Uppvidinge",
      "type": "K"
    },
    {
      "id": "0761",
      "name": "Lessebo",
      "type": "K"
    },
    {
      "id": "0763",
      "name": "Tingsryd",
      "type": "K"
    },
    {
      "id": "0764",
      "name": "Alvesta",
      "type": "K"
    },
    {
      "id": "0765",
      "name": "Älmhult",
      "type": "K"
    },
    {
      "id": "0767",
      "name": "Markaryd",
      "type": "K"
    },
    {
      "id": "0780",
      "name": "Växjö",
      "type": "K"
    },
    {
      "id": "0781",
      "name": "Ljungby",
      "type": "K"
    },
    {
      "id": "0821",
      "name": "Högsby",
      "type": "K"
    },
    {
      "id": "0834",
      "name": "Torsås",
      "type": "K"
    },
    {
      "id": "0840",
      "name": "Mörbylånga",
      "type": "K"
    },
    {
      "id": "0860",
      "name": "Hultsfred",
      "type": "K"
    },
    {
      "id": "0861",
      "name": "Mönsterås",
      "type": "K"
    },
    {
      "id": "0862",
      "name": "Emmaboda",
      "type": "K"
    },
    {
      "id": "0880",
      "name": "Kalmar",
      "type": "K"
    },
    {
      "id": "0881",
      "name": "Nybro",
      "type": "K"
    },
    {
      "id": "0882",
      "name": "Oskarshamn",
      "type": "K"
    },
    {
      "id": "0883",
      "name": "Västervik",
      "type": "K"
    },
    {
      "id": "0884",
      "name": "Vimmerby",
      "type": "K"
    },
    {
      "id": "0885",
      "name": "Borgholm",
      "type": "K"
    },
    {
      "id": "0980",
      "name": "Gotland",
      "type": "K"
    },
    {
      "id": "1060",
      "name": "Olofström",
      "type": "K"
    },
    {
      "id": "1080",
      "name": "Karlskrona",
      "type": "K"
    },
    {
      "id": "1081",
      "name": "Ronneby",
      "type": "K"
    },
    {
      "id": "1082",
      "name": "Karlshamn",
      "type": "K"
    },
    {
      "id": "1083",
      "name": "Sölvesborg",
      "type": "K"
    },
    {
      "id": "1214",
      "name": "Svalöv",
      "type": "K"
    },
    {
      "id": "1230",
      "name": "Staffanstorp",
      "type": "K"
    },
    {
      "id": "1231",
      "name": "Burlöv",
      "type": "K"
    },
    {
      "id": "1233",
      "name": "Vellinge",
      "type": "K"
    },
    {
      "id": "1256",
      "name": "Östra Göinge",
      "type": "K"
    },
    {
      "id": "1257",
      "name": "Örkelljunga",
      "type": "K"
    },
    {
      "id": "1260",
      "name": "Bjuv",
      "type": "K"
    },
    {
      "id": "1261",
      "name": "Kävlinge",
      "type": "K"
    },
    {
      "id": "1262",
      "name": "Lomma",
      "type": "K"
    },
    {
      "id": "1263",
      "name": "Svedala",
      "type": "K"
    },
    {
      "id": "1264",
      "name": "Skurup",
      "type": "K"
    },
    {
      "id": "1265",
      "name": "Sjöbo",
      "type": "K"
    },
    {
      "id": "1266",
      "name": "Hörby",
      "type": "K"
    },
    {
      "id": "1267",
      "name": "Höör",
      "type": "K"
    },
    {
      "id": "1270",
      "name": "Tomelilla",
      "type": "K"
    },
    {
      "id": "1272",
      "name": "Bromölla",
      "type": "K"
    },
    {
      "id": "1273",
      "name": "Osby",
      "type": "K"
    },
    {
      "id": "1275",
      "name": "Perstorp",
      "type": "K"
    },
    {
      "id": "1276",
      "name": "Klippan",
      "type": "K"
    },
    {
      "id": "1277",
      "name": "Åstorp",
      "type": "K"
    },
    {
      "id": "1278",
      "name": "Båstad",
      "type": "K"
    },
    {
      "id": "1280",
      "name": "Malmö",
      "type": "K"
    },
    {
      "id": "1281",
      "name": "Lund",
      "type": "K"
    },
    {
      "id": "1282",
      "name": "Landskrona",
      "type": "K"
    },
    {
      "id": "1283",
      "name": "Helsingborg",
      "type": "K"
    },
    {
      "id": "1284",
      "name": "Höganäs",
      "type": "K"
    },
    {
      "id": "1285",
      "name": "Eslöv",
      "type": "K"
    },
    {
      "id": "1286",
      "name": "Ystad",
      "type": "K"
    },
    {
      "id": "1287",
      "name": "Trelleborg",
      "type": "K"
    },
    {
      "id": "1290",
      "name": "Kristianstad",
      "type": "K"
    },
    {
      "id": "1291",
      "name": "Simrishamn",
      "type": "K"
    },
    {
      "id": "1292",
      "name": "Ängelholm",
      "type": "K"
    },
    {
      "id": "1293",
      "name": "Hässleholm",
      "type": "K"
    },
    {
      "id": "1315",
      "name": "Hylte",
      "type": "K"
    },
    {
      "id": "1380",
      "name": "Halmstad",
      "type": "K"
    },
    {
      "id": "1381",
      "name": "Laholm",
      "type": "K"
    },
    {
      "id": "1382",
      "name": "Falkenberg",
      "type": "K"
    },
    {
      "id": "1383",
      "name": "Varberg",
      "type": "K"
    },
    {
      "id": "1384",
      "name": "Kungsbacka",
      "type": "K"
    },
    {
      "id": "1401",
      "name": "Härryda",
      "type": "K"
    },
    {
      "id": "1402",
      "name": "Partille",
      "type": "K"
    },
    {
      "id": "1407",
      "name": "Öckerö",
      "type": "K"
    },
    {
      "id": "1415",
      "name": "Stenungsund",
      "type": "K"
    },
    {
      "id": "1419",
      "name": "Tjörn",
      "type": "K"
    },
    {
      "id": "1421",
      "name": "Orust",
      "type": "K"
    },
    {
      "id": "1427",
      "name": "Sotenäs",
      "type": "K"
    },
    {
      "id": "1430",
      "name": "Munkedal",
      "type": "K"
    },
    {
      "id": "1435",
      "name": "Tanum",
      "type": "K"
    },
    {
      "id": "1438",
      "name": "Dals-Ed",
      "type": "K"
    },
    {
      "id": "1439",
      "name": "Färgelanda",
      "type": "K"
    },
    {
      "id": "1440",
      "name": "Ale",
      "type": "K"
    },
    {
      "id": "1441",
      "name": "Lerum",
      "type": "K"
    },
    {
      "id": "1442",
      "name": "Vårgårda",
      "type": "K"
    },
    {
      "id": "1443",
      "name": "Bollebygd",
      "type": "K"
    },
    {
      "id": "1444",
      "name": "Grästorp",
      "type": "K"
    },
    {
      "id": "1445",
      "name": "Essunga",
      "type": "K"
    },
    {
      "id": "1446",
      "name": "Karlsborg",
      "type": "K"
    },
    {
      "id": "1447",
      "name": "Gullspång",
      "type": "K"
    },
    {
      "id": "1452",
      "name": "Tranemo",
      "type": "K"
    },
    {
      "id": "1460",
      "name": "Bengtsfors",
      "type": "K"
    },
    {
      "id": "1461",
      "name": "Mellerud",
      "type": "K"
    },
    {
      "id": "1462",
      "name": "Lilla Edet",
      "type": "K"
    },
    {
      "id": "1463",
      "name": "Mark",
      "type": "K"
    },
    {
      "id": "1465",
      "name": "Svenljunga",
      "type": "K"
    },
    {
      "id": "1466",
      "name": "Herrljunga",
      "type": "K"
    },
    {
      "id": "1470",
      "name": "Vara",
      "type": "K"
    },
    {
      "id": "1471",
      "name": "Götene",
      "type": "K"
    },
    {
      "id": "1472",
      "name": "Tibro",
      "type": "K"
    },
    {
      "id": "1473",
      "name": "Töreboda",
      "type": "K"
    },
    {
      "id": "1480",
      "name": "Göteborg",
      "type": "K"
    },
    {
      "id": "1481",
      "name": "Mölndal",
      "type": "K"
    },
    {
      "id": "1482",
      "name": "Kungälv",
      "type": "K"
    },
    {
      "id": "1484",
      "name": "Lysekil",
      "type": "K"
    },
    {
      "id": "1485",
      "name": "Uddevalla",
      "type": "K"
    },
    {
      "id": "1486",
      "name": "Strömstad",
      "type": "K"
    },
    {
      "id": "1487",
      "name": "Vänersborg",
      "type": "K"
    },
    {
      "id": "1488",
      "name": "Trollhättan",
      "type": "K"
    },
    {
      "id": "1489",
      "name": "Alingsås",
      "type": "K"
    },
    {
      "id": "1490",
      "name": "Borås",
      "type": "K"
    },
    {
      "id": "1491",
      "name": "Ulricehamn",
      "type": "K"
    },
    {
      "id": "1492",
      "name": "Åmål",
      "type": "K"
    },
    {
      "id": "1493",
      "name": "Mariestad",
      "type": "K"
    },
    {
      "id": "1494",
      "name": "Lidköping",
      "type": "K"
    },
    {
      "id": "1495",
      "name": "Skara",
      "type": "K"
    },
    {
      "id": "1496",
      "name": "Skövde",
      "type": "K"
    },
    {
      "id": "1497",
      "name": "Hjo",
      "type": "K"
    },
    {
      "id": "1498",
      "name": "Tidaholm",
      "type": "K"
    },
    {
      "id": "1499",
      "name": "Falköping",
      "type": "K"
    },
    {
      "id": "1715",
      "name": "Kil",
      "type": "K"
    },
    {
      "id": "1730",
      "name": "Eda",
      "type": "K"
    },
    {
      "id": "1737",
      "name": "Torsby",
      "type": "K"
    },
    {
      "id": "1760",
      "name": "Storfors",
      "type": "K"
    },
    {
      "id": "1761",
      "name": "Hammarö",
      "type": "K"
    },
    {
      "id": "1762",
      "name": "Munkfors",
      "type": "K"
    },
    {
      "id": "1763",
      "name": "Forshaga",
      "type": "K"
    },
    {
      "id": "1764",
      "name": "Grums",
      "type": "K"
    },
    {
      "id": "1765",
      "name": "Årjäng",
      "type": "K"
    },
    {
      "id": "1766",
      "name": "Sunne",
      "type": "K"
    },
    {
      "id": "1780",
      "name": "Karlstad",
      "type": "K"
    },
    {
      "id": "1781",
      "name": "Kristinehamn",
      "type": "K"
    },
    {
      "id": "1782",
      "name": "Filipstad",
      "type": "K"
    },
    {
      "id": "1783",
      "name": "Hagfors",
      "type": "K"
    },
    {
      "id": "1784",
      "name": "Arvika",
      "type": "K"
    },
    {
      "id": "1785",
      "name": "Säffle",
      "type": "K"
    },
    {
      "id": "1814",
      "name": "Lekeberg",
      "type": "K"
    },
    {
      "id": "1860",
      "name": "Laxå",
      "type": "K"
    },
    {
      "id": "1861",
      "name": "Hallsberg",
      "type": "K"
    },
    {
      "id": "1862",
      "name": "Degerfors",
      "type": "K"
    },
    {
      "id": "1863",
      "name": "Hällefors",
      "type": "K"
    },
    {
      "id": "1864",
      "name": "Ljusnarsberg",
      "type": "K"
    },
    {
      "id": "1880",
      "name": "Örebro",
      "type": "K"
    },
    {
      "id": "1881",
      "name": "Kumla",
      "type": "K"
    },
    {
      "id": "1882",
      "name": "Askersund",
      "type": "K"
    },
    {
      "id": "1883",
      "name": "Karlskoga",
      "type": "K"
    },
    {
      "id": "1884",
      "name": "Nora",
      "type": "K"
    },
    {
      "id": "1885",
      "name": "Lindesberg",
      "type": "K"
    },
    {
      "id": "1904",
      "name": "Skinnskatteberg",
      "type": "K"
    },
    {
      "id": "1907",
      "name": "Surahammar",
      "type": "K"
    },
    {
      "id": "1960",
      "name": "Kungsör",
      "type": "K"
    },
    {
      "id": "1961",
      "name": "Hallstahammar",
      "type": "K"
    },
    {
      "id": "1962",
      "name": "Norberg",
      "type": "K"
    },
    {
      "id": "1980",
      "name": "Västerås",
      "type": "K"
    },
    {
      "id": "1981",
      "name": "Sala",
      "type": "K"
    },
    {
      "id": "1982",
      "name": "Fagersta",
      "type": "K"
    },
    {
      "id": "1983",
      "name": "Köping",
      "type": "K"
    },
    {
      "id": "1984",
      "name": "Arboga",
      "type": "K"
    },
    {
      "id": "2021",
      "name": "Vansbro",
      "type": "K"
    },
    {
      "id": "2023",
      "name": "Malung-Sälen",
      "type": "K"
    },
    {
      "id": "2026",
      "name": "Gagnef",
      "type": "K"
    },
    {
      "id": "2029",
      "name": "Leksand",
      "type": "K"
    },
    {
      "id": "2031",
      "name": "Rättvik",
      "type": "K"
    },
    {
      "id": "2034",
      "name": "Orsa",
      "type": "K"
    },
    {
      "id": "2039",
      "name": "Älvdalen",
      "type": "K"
    },
    {
      "id": "2061",
      "name": "Smedjebacken",
      "type": "K"
    },
    {
      "id": "2062",
      "name": "Mora",
      "type": "K"
    },
    {
      "id": "2080",
      "name": "Falun",
      "type": "K"
    },
    {
      "id": "2081",
      "name": "Borlänge",
      "type": "K"
    },
    {
      "id": "2082",
      "name": "Säter",
      "type": "K"
    },
    {
      "id": "2083",
      "name": "Hedemora",
      "type": "K"
    },
    {
      "id": "2084",
      "name": "Avesta",
      "type": "K"
    },
    {
      "id": "2085",
      "name": "Ludvika",
      "type": "K"
    },
    {
      "id": "2101",
      "name": "Ockelbo",
      "type": "K"
    },
    {
      "id": "2104",
      "name": "Hofors",
      "type": "K"
    },
    {
      "id": "2121",
      "name": "Ovanåker",
      "type": "K"
    },
    {
      "id": "2132",
      "name": "Nordanstig",
      "type": "K"
    },
    {
      "id": "2161",
      "name": "Ljusdal",
      "type": "K"
    },
    {
      "id": "2180",
      "name": "Gävle",
      "type": "K"
    },
    {
      "id": "2181",
      "name": "Sandviken",
      "type": "K"
    },
    {
      "id": "2182",
      "name": "Söderhamn",
      "type": "K"
    },
    {
      "id": "2183",
      "name": "Bollnäs",
      "type": "K"
    },
    {
      "id": "2184",
      "name": "Hudiksvall",
      "type": "K"
    },
    {
      "id": "2260",
      "name": "Ånge",
      "type": "K"
    },
    {
      "id": "2262",
      "name": "Timrå",
      "type": "K"
    },
    {
      "id": "2280",
      "name": "Härnösand",
      "type": "K"
    },
    {
      "id": "2281",
      "name": "Sundsvall",
      "type": "K"
    },
    {
      "id": "2282",
      "name": "Kramfors",
      "type": "K"
    },
    {
      "id": "2283",
      "name": "Sollefteå",
      "type": "K"
    },
    {
      "id": "2284",
      "name": "Örnsköldsvik",
      "type": "K"
    },
    {
      "id": "2303",
      "name": "Ragunda",
      "type": "K"
    },
    {
      "id": "2305",
      "name": "Bräcke",
      "type": "K"
    },
    {
      "id": "2309",
      "name": "Krokom",
      "type": "K"
    },
    {
      "id": "2313",
      "name": "Strömsund",
      "type": "K"
    },
    {
      "id": "2321",
      "name": "Åre",
      "type": "K"
    },
    {
      "id": "2326",
      "name": "Berg",
      "type": "K"
    },
    {
      "id": "2361",
      "name": "Härjedalen",
      "type": "K"
    },
    {
      "id": "2380",
      "name": "Östersund",
      "type": "K"
    },
    {
      "id": "2401",
      "name": "Nordmaling",
      "type": "K"
    },
    {
      "id": "2403",
      "name": "Bjurholm",
      "type": "K"
    },
    {
      "id": "2404",
      "name": "Vindeln",
      "type": "K"
    },
    {
      "id": "2409",
      "name": "Robertsfors",
      "type": "K"
    },
    {
      "id": "2417",
      "name": "Norsjö",
      "type": "K"
    },
    {
      "id": "2418",
      "name": "Malå",
      "type": "K"
    },
    {
      "id": "2421",
      "name": "Storuman",
      "type": "K"
    },
    {
      "id": "2422",
      "name": "Sorsele",
      "type": "K"
    },
    {
      "id": "2425",
      "name": "Dorotea",
      "type": "K"
    },
    {
      "id": "2460",
      "name": "Vännäs",
      "type": "K"
    },
    {
      "id": "2462",
      "name": "Vilhelmina",
      "type": "K"
    },
    {
      "id": "2463",
      "name": "Åsele",
      "type": "K"
    },
    {
      "id": "2480",
      "name": "Umeå",
      "type": "K"
    },
    {
      "id": "2481",
      "name": "Lycksele",
      "type": "K"
    },
    {
      "id": "2482",
      "name": "Skellefteå",
      "type": "K"
    },
    {
      "id": "2505",
      "name": "Arvidsjaur",
      "type": "K"
    },
    {
      "id": "2506",
      "name": "Arjeplog",
      "type": "K"
    },
    {
      "id": "2510",
      "name": "Jokkmokk",
      "type": "K"
    },
    {
      "id": "2513",
      "name": "Överkalix",
      "type": "K"
    },
    {
      "id": "2514",
      "name": "Kalix",
      "type": "K"
    },
    {
      "id": "2518",
      "name": "Övertorneå",
      "type": "K"
    },
    {
      "id": "2521",
      "name": "Pajala",
      "type": "K"
    },
    {
      "id": "2523",
      "name": "Gällivare",
      "type": "K"
    },
    {
      "id": "2560",
      "name": "Älvsbyn",
      "type": "K"
    },
    {
      "id": "2580",
      "name": "Luleå",
      "type": "K"
    },
    {
      "id": "2581",
      "name": "Piteå",
      "type": "K"
    },
    {
      "id": "2582",
      "name": "Boden",
      "type": "K"
    },
    {
      "id": "2583",
      "name": "Haparanda",
      "type": "K"
    },
    {
      "id": "2584",
      "name": "Kiruna",
      "type": "K"
    }
  ],
  "lookup": {
    "riket": {
      "id": "0000",
      "name": "Riket",
      "type": "L"
    },
    "region stockholm": {
      "id": "0001",
      "name": "Region Stockholm",
      "type": "L"
    },
    "region uppsala": {
      "id": "0003",
      "name": "Region Uppsala",
      "type": "L"
    },
    "region sörmland": {
      "id": "0004",
      "name": "Region Sörmland",
      "type": "L"
    },
    "region östergötland": {
      "id": "0005",
      "name": "Region Östergötland",
      "type": "L"
    },
    "region jönköpings län": {
      "id": "0006",
      "name": "Region Jönköpings län",
      "type": "L"
    },
    "region jönköping": {
      "id": "0006",
      "name": "Region Jönköpings län",
      "type": "L"
    },
    "region kronoberg": {
      "id": "0007",
      "name": "Region Kronoberg",
      "type": "L"
    },
    "region kalmar": {
      "id": "0008",
      "name": "Region Kalmar",
      "type": "L"
    },
    "region gotland": {
      "id": "0009",
      "name": "Region Gotland",
      "type": "L"
    },
    "region blekinge": {
      "id": "0010",
      "name": "Region Blekinge",
      "type": "L"
    },
    "region skåne": {
      "id": "0012",
      "name": "Region Skåne",
      "type": "L"
    },
    "region halland": {
      "id": "0013",
      "name": "Region Halland",
      "type": "L"
    },
    "västra götalandsregionen": {
      "id": "0014",
      "name": "Västra Götalandsregionen",
      "type": "L"
    },
    "region värmland": {
      "id": "0017",
      "name": "Region Värmland",
      "type": "L"
    },
    "region örebro län": {
      "id": "0018",
      "name": "Region Örebro län",
      "type": "L"
    },
    "region västmanland": {
      "id": "0019",
      "name": "Region Västmanland",
      "type": "L"
    },
    "region dalarna": {
      "id": "0020",
      "name": "Region Dalarna",
      "type": "L"
    },
    "region gävleborg": {
      "id": "0021",
      "name": "Region Gävleborg",
      "type": "L"
    },
    "region västernorrland": {
      "id": "0022",
      "name": "Region Västernorrland",
      "type": "L"
    },
    "region jämtland härjedalen": {
      "id": "0023",
      "name": "Region Jämtland Härjedalen",
      "type": "L"
    },
    "region västerbotten": {
      "id": "0024",
      "name": "Region Västerbotten",
      "type": "L"
    },
    "region norrbotten": {
      "id": "0025",
      "name": "Region Norrbotten",
      "type": "L"
    },
    "upplands väsby": {
      "id": "0114",
      "name": "Upplands Väsby",
      "type": "K"
    },
    "vallentuna": {
      "id": "0115",
      "name": "Vallentuna",
      "type": "K"
    },
    "österåker": {
      "id": "0117",
      "name": "Österåker",
      "type": "K"
    },
    "värmdö": {
      "id": "0120",
      "name": "Värmdö",
      "type": "K"
    },
    "järfälla": {
      "id": "0123",
      "name": "Järfälla",
      "type": "K"
    },
    "ekerö": {
      "id": "0125",
      "name": "Ekerö",
      "type": "K"
    },
    "huddinge": {
      "id": "0126",
      "name": "Huddinge",
      "type": "K"
    },
    "botkyrka": {
      "id": "0127",
      "name": "Botkyrka",
      "type": "K"
    },
    "salem": {
      "id": "0128",
      "name": "Salem",
      "type": "K"
    },
    "haninge": {
      "id": "0136",
      "name": "Haninge",
      "type": "K"
    },
    "tyresö": {
      "id": "0138",
      "name": "Tyresö",
      "type": "K"
    },
    "upplands-bro": {
      "id": "0139",
      "name": "Upplands-Bro",
      "type": "K"
    },
    "nykvarn": {
      "id": "0140",
      "name": "Nykvarn",
      "type": "K"
    },
    "täby": {
      "id": "0160",
      "name": "Täby",
      "type": "K"
    },
    "danderyd": {
      "id": "0162",
      "name": "Danderyd",
      "type": "K"
    },
    "sollentuna": {
      "id": "0163",
      "name": "Sollentuna",
      "type": "K"
    },
    "stockholm": {
      "id": "0180",
      "name": "Stockholm",
      "type": "K"
    },
    "södertälje": {
      "id": "0181",
      "name": "Södertälje",
      "type": "K"
    },
    "nacka": {
      "id": "0182",
      "name": "Nacka",
      "type": "K"
    },
    "sundbyberg": {
      "id": "0183",
      "name": "Sundbyberg",
      "type": "K"
    },
    "solna": {
      "id": "0184",
      "name": "Solna",
      "type": "K"
    },
    "lidingö": {
      "id": "0186",
      "name": "Lidingö",
      "type": "K"
    },
    "vaxholm": {
      "id": "0187",
      "name": "Vaxholm",
      "type": "K"
    },
    "norrtälje": {
      "id": "0188",
      "name": "Norrtälje",
      "type": "K"
    },
    "sigtuna": {
      "id": "0191",
      "name": "Sigtuna",
      "type": "K"
    },
    "nynäshamn": {
      "id": "0192",
      "name": "Nynäshamn",
      "type": "K"
    },
    "håbo": {
      "id": "0305",
      "name": "Håbo",
      "type": "K"
    },
    "älvkarleby": {
      "id": "0319",
      "name": "Älvkarleby",
      "type": "K"
    },
    "knivsta": {
      "id": "0330",
      "name": "Knivsta",
      "type": "K"
    },
    "heby": {
      "id": "0331",
      "name": "Heby",
      "type": "K"
    },
    "tierp": {
      "id": "0360",
      "name": "Tierp",
      "type": "K"
    },
    "uppsala": {
      "id": "0380",
      "name": "Uppsala",
      "type": "K"
    },
    "enköping": {
      "id": "0381",
      "name": "Enköping",
      "type": "K"
    },
    "östhammar": {
      "id": "0382",
      "name": "Östhammar",
      "type": "K"
    },
    "vingåker": {
      "id": "0428",
      "name": "Vingåker",
      "type": "K"
    },
    "gnesta": {
      "id": "0461",
      "name": "Gnesta",
      "type": "K"
    },
    "nyköping": {
      "id": "0480",
      "name": "Nyköping",
      "type": "K"
    },
    "oxelösund": {
      "id": "0481",
      "name": "Oxelösund",
      "type": "K"
    },
    "flen": {
      "id": "0482",
      "name": "Flen",
      "type": "K"
    },
    "katrineholm": {
      "id": "0483",
      "name": "Katrineholm",
      "type": "K"
    },
    "eskilstuna": {
      "id": "0484",
      "name": "Eskilstuna",
      "type": "K"
    },
    "strängnäs": {
      "id": "0486",
      "name": "Strängnäs",
      "type": "K"
    },
    "trosa": {
      "id": "0488",
      "name": "Trosa",
      "type": "K"
    },
    "ödeshög": {
      "id": "0509",
      "name": "Ödeshög",
      "type": "K"
    },
    "ydre": {
      "id": "0512",
      "name": "Ydre",
      "type": "K"
    },
    "kinda": {
      "id": "0513",
      "name": "Kinda",
      "type": "K"
    },
    "boxholm": {
      "id": "0560",
      "name": "Boxholm",
      "type": "K"
    },
    "åtvidaberg": {
      "id": "0561",
      "name": "Åtvidaberg",
      "type": "K"
    },
    "finspång": {
      "id": "0562",
      "name": "Finspång",
      "type": "K"
    },
    "valdemarsvik": {
      "id": "0563",
      "name": "Valdemarsvik",
      "type": "K"
    },
    "linköping": {
      "id": "0580",
      "name": "Linköping",
      "type": "K"
    },
    "norrköping": {
      "id": "0581",
      "name": "Norrköping",
      "type": "K"
    },
    "söderköping": {
      "id": "0582",
      "name": "Söderköping",
      "type": "K"
    },
    "motala": {
      "id": "0583",
      "name": "Motala",
      "type": "K"
    },
    "vadstena": {
      "id": "0584",
      "name": "Vadstena",
      "type": "K"
    },
    "mjölby": {
      "id": "0586",
      "name": "Mjölby",
      "type": "K"
    },
    "aneby": {
      "id": "0604",
      "name": "Aneby",
      "type": "K"
    },
    "gnosjö": {
      "id": "0617",
      "name": "Gnosjö",
      "type": "K"
    },
    "mullsjö": {
      "id": "0642",
      "name": "Mullsjö",
      "type": "K"
    },
    "habo": {
      "id": "0643",
      "name": "Habo",
      "type": "K"
    },
    "gislaved": {
      "id": "0662",
      "name": "Gislaved",
      "type": "K"
    },
    "vaggeryd": {
      "id": "0665",
      "name": "Vaggeryd",
      "type": "K"
    },
    "jönköping": {
      "id": "0680",
      "name": "Jönköping",
      "type": "K"
    },
    "nässjö": {
      "id": "0682",
      "name": "Nässjö",
      "type": "K"
    },
    "värnamo": {
      "id": "0683",
      "name": "Värnamo",
      "type": "K"
    },
    "sävsjö": {
      "id": "0684",
      "name": "Sävsjö",
      "type": "K"
    },
    "vetlanda": {
      "id": "0685",
      "name": "Vetlanda",
      "type": "K"
    },
    "eksjö": {
      "id": "0686",
      "name": "Eksjö",
      "type": "K"
    },
    "tranås": {
      "id": "0687",
      "name": "Tranås",
      "type": "K"
    },
    "uppvidinge": {
      "id": "0760",
      "name": "Uppvidinge",
      "type": "K"
    },
    "lessebo": {
      "id": "0761",
      "name": "Lessebo",
      "type": "K"
    },
    "tingsryd": {
      "id": "0763",
      "name": "Tingsryd",
      "type": "K"
    },
    "alvesta": {
      "id": "0764",
      "name": "Alvesta",
      "type": "K"
    },
    "älmhult": {
      "id": "0765",
      "name": "Älmhult",
      "type": "K"
    },
    "markaryd": {
      "id": "0767",
      "name": "Markaryd",
      "type": "K"
    },
    "växjö": {
      "id": "0780",
      "name": "Växjö",
      "type": "K"
    },
    "ljungby": {
      "id": "0781",
      "name": "Ljungby",
      "type": "K"
    },
    "högsby": {
      "id": "0821",
      "name": "Högsby",
      "type": "K"
    },
    "torsås": {
      "id": "0834",
      "name": "Torsås",
      "type": "K"
    },
    "mörbylånga": {
      "id": "0840",
      "name": "Mörbylånga",
      "type": "K"
    },
    "hultsfred": {
      "id": "0860",
      "name": "Hultsfred",
      "type": "K"
    },
    "mönsterås": {
      "id": "0861",
      "name": "Mönsterås",
      "type": "K"
    },
    "emmaboda": {
      "id": "0862",
      "name": "Emmaboda",
      "type": "K"
    },
    "kalmar": {
      "id": "0880",
      "name": "Kalmar",
      "type": "K"
    },
    "nybro": {
      "id": "0881",
      "name": "Nybro",
      "type": "K"
    },
    "oskarshamn": {
      "id": "0882",
      "name": "Oskarshamn",
      "type": "K"
    },
    "västervik": {
      "id": "0883",
      "name": "Västervik",
      "type": "K"
    },
    "vimmerby": {
      "id": "0884",
      "name": "Vimmerby",
      "type": "K"
    },
    "borgholm": {
      "id": "0885",
      "name": "Borgholm",
      "type": "K"
    },
    "gotland": {
      "id": "0980",
      "name": "Gotland",
      "type": "K"
    },
    "olofström": {
      "id": "1060",
      "name": "Olofström",
      "type": "K"
    },
    "karlskrona": {
      "id": "1080",
      "name": "Karlskrona",
      "type": "K"
    },
    "ronneby": {
      "id": "1081",
      "name": "Ronneby",
      "type": "K"
    },
    "karlshamn": {
      "id": "1082",
      "name": "Karlshamn",
      "type": "K"
    },
    "sölvesborg": {
      "id": "1083",
      "name": "Sölvesborg",
      "type": "K"
    },
    "svalöv": {
      "id": "1214",
      "name": "Svalöv",
      "type": "K"
    },
    "staffanstorp": {
      "id": "1230",
      "name": "Staffanstorp",
      "type": "K"
    },
    "burlöv": {
      "id": "1231",
      "name": "Burlöv",
      "type": "K"
    },
    "vellinge": {
      "id": "1233",
      "name": "Vellinge",
      "type": "K"
    },
    "östra göinge": {
      "id": "1256",
      "name": "Östra Göinge",
      "type": "K"
    },
    "örkelljunga": {
      "id": "1257",
      "name": "Örkelljunga",
      "type": "K"
    },
    "bjuv": {
      "id": "1260",
      "name": "Bjuv",
      "type": "K"
    },
    "kävlinge": {
      "id": "1261",
      "name": "Kävlinge",
      "type": "K"
    },
    "lomma": {
      "id": "1262",
      "name": "Lomma",
      "type": "K"
    },
    "svedala": {
      "id": "1263",
      "name": "Svedala",
      "type": "K"
    },
    "skurup": {
      "id": "1264",
      "name": "Skurup",
      "type": "K"
    },
    "sjöbo": {
      "id": "1265",
      "name": "Sjöbo",
      "type": "K"
    },
    "hörby": {
      "id": "1266",
      "name": "Hörby",
      "type": "K"
    },
    "höör": {
      "id": "1267",
      "name": "Höör",
      "type": "K"
    },
    "tomelilla": {
      "id": "1270",
      "name": "Tomelilla",
      "type": "K"
    },
    "bromölla": {
      "id": "1272",
      "name": "Bromölla",
      "type": "K"
    },
    "osby": {
      "id": "1273",
      "name": "Osby",
      "type": "K"
    },
    "perstorp": {
      "id": "1275",
      "name": "Perstorp",
      "type": "K"
    },
    "klippan": {
      "id": "1276",
      "name": "Klippan",
      "type": "K"
    },
    "åstorp": {
      "id": "1277",
      "name": "Åstorp",
      "type": "K"
    },
    "båstad": {
      "id": "1278",
      "name": "Båstad",
      "type": "K"
    },
    "malmö": {
      "id": "1280",
      "name": "Malmö",
      "type": "K"
    },
    "lund": {
      "id": "1281",
      "name": "Lund",
      "type": "K"
    },
    "landskrona": {
      "id": "1282",
      "name": "Landskrona",
      "type": "K"
    },
    "helsingborg": {
      "id": "1283",
      "name": "Helsingborg",
      "type": "K"
    },
    "höganäs": {
      "id": "1284",
      "name": "Höganäs",
      "type": "K"
    },
    "eslöv": {
      "id": "1285",
      "name": "Eslöv",
      "type": "K"
    },
    "ystad": {
      "id": "1286",
      "name": "Ystad",
      "type": "K"
    },
    "trelleborg": {
      "id": "1287",
      "name": "Trelleborg",
      "type": "K"
    },
    "kristianstad": {
      "id": "1290",
      "name": "Kristianstad",
      "type": "K"
    },
    "simrishamn": {
      "id": "1291",
      "name": "Simrishamn",
      "type": "K"
    },
    "ängelholm": {
      "id": "1292",
      "name": "Ängelholm",
      "type": "K"
    },
    "hässleholm": {
      "id": "1293",
      "name": "Hässleholm",
      "type": "K"
    },
    "hylte": {
      "id": "1315",
      "name": "Hylte",
      "type": "K"
    },
    "halmstad": {
      "id": "1380",
      "name": "Halmstad",
      "type": "K"
    },
    "laholm": {
      "id": "1381",
      "name": "Laholm",
      "type": "K"
    },
    "falkenberg": {
      "id": "1382",
      "name": "Falkenberg",
      "type": "K"
    },
    "varberg": {
      "id": "1383",
      "name": "Varberg",
      "type": "K"
    },
    "kungsbacka": {
      "id": "1384",
      "name": "Kungsbacka",
      "type": "K"
    },
    "härryda": {
      "id": "1401",
      "name": "Härryda",
      "type": "K"
    },
    "partille": {
      "id": "1402",
      "name": "Partille",
      "type": "K"
    },
    "öckerö": {
      "id": "1407",
      "name": "Öckerö",
      "type": "K"
    },
    "stenungsund": {
      "id": "1415",
      "name": "Stenungsund",
      "type": "K"
    },
    "tjörn": {
      "id": "1419",
      "name": "Tjörn",
      "type": "K"
    },
    "orust": {
      "id": "1421",
      "name": "Orust",
      "type": "K"
    },
    "sotenäs": {
      "id": "1427",
      "name": "Sotenäs",
      "type": "K"
    },
    "munkedal": {
      "id": "1430",
      "name": "Munkedal",
      "type": "K"
    },
    "tanum": {
      "id": "1435",
      "name": "Tanum",
      "type": "K"
    },
    "dals-ed": {
      "id": "1438",
      "name": "Dals-Ed",
      "type": "K"
    },
    "färgelanda": {
      "id": "1439",
      "name": "Färgelanda",
      "type": "K"
    },
    "ale": {
      "id": "1440",
      "name": "Ale",
      "type": "K"
    },
    "lerum": {
      "id": "1441",
      "name": "Lerum",
      "type": "K"
    },
    "vårgårda": {
      "id": "1442",
      "name": "Vårgårda",
      "type": "K"
    },
    "bollebygd": {
      "id": "1443",
      "name": "Bollebygd",
      "type": "K"
    },
    "grästorp": {
      "id": "1444",
      "name": "Grästorp",
      "type": "K"
    },
    "essunga": {
      "id": "1445",
      "name": "Essunga",
      "type": "K"
    },
    "karlsborg": {
      "id": "1446",
      "name": "Karlsborg",
      "type": "K"
    },
    "gullspång": {
      "id": "1447",
      "name": "Gullspång",
      "type": "K"
    },
    "tranemo": {
      "id": "1452",
      "name": "Tranemo",
      "type": "K"
    },
    "bengtsfors": {
      "id": "1460",
      "name": "Bengtsfors",
      "type": "K"
    },
    "mellerud": {
      "id": "1461",
      "name": "Mellerud",
      "type": "K"
    },
    "lilla edet": {
      "id": "1462",
      "name": "Lilla Edet",
      "type": "K"
    },
    "mark": {
      "id": "1463",
      "name": "Mark",
      "type": "K"
    },
    "svenljunga": {
      "id": "1465",
      "name": "Svenljunga",
      "type": "K"
    },
    "herrljunga": {
      "id": "1466",
      "name": "Herrljunga",
      "type": "K"
    },
    "vara": {
      "id": "1470",
      "name": "Vara",
      "type": "K"
    },
    "götene": {
      "id": "1471",
      "name": "Götene",
      "type": "K"
    },
    "tibro": {
      "id": "1472",
      "name": "Tibro",
      "type": "K"
    },
    "töreboda": {
      "id": "1473",
      "name": "Töreboda",
      "type": "K"
    },
    "göteborg": {
      "id": "1480",
      "name": "Göteborg",
      "type": "K"
    },
    "mölndal": {
      "id": "1481",
      "name": "Mölndal",
      "type": "K"
    },
    "kungälv": {
      "id": "1482",
      "name": "Kungälv",
      "type": "K"
    },
    "lysekil": {
      "id": "1484",
      "name": "Lysekil",
      "type": "K"
    },
    "uddevalla": {
      "id": "1485",
      "name": "Uddevalla",
      "type": "K"
    },
    "strömstad": {
      "id": "1486",
      "name": "Strömstad",
      "type": "K"
    },
    "vänersborg": {
      "id": "1487",
      "name": "Vänersborg",
      "type": "K"
    },
    "trollhättan": {
      "id": "1488",
      "name": "Trollhättan",
      "type": "K"
    },
    "alingsås": {
      "id": "1489",
      "name": "Alingsås",
      "type": "K"
    },
    "borås": {
      "id": "1490",
      "name": "Borås",
      "type": "K"
    },
    "ulricehamn": {
      "id": "1491",
      "name": "Ulricehamn",
      "type": "K"
    },
    "åmål": {
      "id": "1492",
      "name": "Åmål",
      "type": "K"
    },
    "mariestad": {
      "id": "1493",
      "name": "Mariestad",
      "type": "K"
    },
    "lidköping": {
      "id": "1494",
      "name": "Lidköping",
      "type": "K"
    },
    "skara": {
      "id": "1495",
      "name": "Skara",
      "type": "K"
    },
    "skövde": {
      "id": "1496",
      "name": "Skövde",
      "type": "K"
    },
    "hjo": {
      "id": "1497",
      "name": "Hjo",
      "type": "K"
    },
    "tidaholm": {
      "id": "1498",
      "name": "Tidaholm",
      "type": "K"
    },
    "falköping": {
      "id": "1499",
      "name": "Falköping",
      "type": "K"
    },
    "kil": {
      "id": "1715",
      "name": "Kil",
      "type": "K"
    },
    "eda": {
      "id": "1730",
      "name": "Eda",
      "type": "K"
    },
    "torsby": {
      "id": "1737",
      "name": "Torsby",
      "type": "K"
    },
    "storfors": {
      "id": "1760",
      "name": "Storfors",
      "type": "K"
    },
    "hammarö": {
      "id": "1761",
      "name": "Hammarö",
      "type": "K"
    },
    "munkfors": {
      "id": "1762",
      "name": "Munkfors",
      "type": "K"
    },
    "forshaga": {
      "id": "1763",
      "name": "Forshaga",
      "type": "K"
    },
    "grums": {
      "id": "1764",
      "name": "Grums",
      "type": "K"
    },
    "årjäng": {
      "id": "1765",
      "name": "Årjäng",
      "type": "K"
    },
    "sunne": {
      "id": "1766",
      "name": "Sunne",
      "type": "K"
    },
    "karlstad": {
      "id": "1780",
      "name": "Karlstad",
      "type": "K"
    },
    "kristinehamn": {
      "id": "1781",
      "name": "Kristinehamn",
      "type": "K"
    },
    "filipstad": {
      "id": "1782",
      "name": "Filipstad",
      "type": "K"
    },
    "hagfors": {
      "id": "1783",
      "name": "Hagfors",
      "type": "K"
    },
    "arvika": {
      "id": "1784",
      "name": "Arvika",
      "type": "K"
    },
    "säffle": {
      "id": "1785",
      "name": "Säffle",
      "type": "K"
    },
    "lekeberg": {
      "id": "1814",
      "name": "Lekeberg",
      "type": "K"
    },
    "laxå": {
      "id": "1860",
      "name": "Laxå",
      "type": "K"
    },
    "hallsberg": {
      "id": "1861",
      "name": "Hallsberg",
      "type": "K"
    },
    "degerfors": {
      "id": "1862",
      "name": "Degerfors",
      "type": "K"
    },
    "hällefors": {
      "id": "1863",
      "name": "Hällefors",
      "type": "K"
    },
    "ljusnarsberg": {
      "id": "1864",
      "name": "Ljusnarsberg",
      "type": "K"
    },
    "örebro": {
      "id": "1880",
      "name": "Örebro",
      "type": "K"
    },
    "kumla": {
      "id": "1881",
      "name": "Kumla",
      "type": "K"
    },
    "askersund": {
      "id": "1882",
      "name": "Askersund",
      "type": "K"
    },
    "karlskoga": {
      "id": "1883",
      "name": "Karlskoga",
      "type": "K"
    },
    "nora": {
      "id": "1884",
      "name": "Nora",
      "type": "K"
    },
    "lindesberg": {
      "id": "1885",
      "name": "Lindesberg",
      "type": "K"
    },
    "skinnskatteberg": {
      "id": "1904",
      "name": "Skinnskatteberg",
      "type": "K"
    },
    "surahammar": {
      "id": "1907",
      "name": "Surahammar",
      "type": "K"
    },
    "kungsör": {
      "id": "1960",
      "name": "Kungsör",
      "type": "K"
    },
    "hallstahammar": {
      "id": "1961",
      "name": "Hallstahammar",
      "type": "K"
    },
    "norberg": {
      "id": "1962",
      "name": "Norberg",
      "type": "K"
    },
    "västerås": {
      "id": "1980",
      "name": "Västerås",
      "type": "K"
    },
    "sala": {
      "id": "1981",
      "name": "Sala",
      "type": "K"
    },
    "fagersta": {
      "id": "1982",
      "name": "Fagersta",
      "type": "K"
    },
    "köping": {
      "id": "1983",
      "name": "Köping",
      "type": "K"
    },
    "arboga": {
      "id": "1984",
      "name": "Arboga",
      "type": "K"
    },
    "vansbro": {
      "id": "2021",
      "name": "Vansbro",
      "type": "K"
    },
    "malung-sälen": {
      "id": "2023",
      "name": "Malung-Sälen",
      "type": "K"
    },
    "gagnef": {
      "id": "2026",
      "name": "Gagnef",
      "type": "K"
    },
    "leksand": {
      "id": "2029",
      "name": "Leksand",
      "type": "K"
    },
    "rättvik": {
      "id": "2031",
      "name": "Rättvik",
      "type": "K"
    },
    "orsa": {
      "id": "2034",
      "name": "Orsa",
      "type": "K"
    },
    "älvdalen": {
      "id": "2039",
      "name": "Älvdalen",
      "type": "K"
    },
    "smedjebacken": {
      "id": "2061",
      "name": "Smedjebacken",
      "type": "K"
    },
    "mora": {
      "id": "2062",
      "name": "Mora",
      "type": "K"
    },
    "falun": {
      "id": "2080",
      "name": "Falun",
      "type": "K"
    },
    "borlänge": {
      "id": "2081",
      "name": "Borlänge",
      "type": "K"
    },
    "säter": {
      "id": "2082",
      "name": "Säter",
      "type": "K"
    },
    "hedemora": {
      "id": "2083",
      "name": "Hedemora",
      "type": "K"
    },
    "avesta": {
      "id": "2084",
      "name": "Avesta",
      "type": "K"
    },
    "ludvika": {
      "id": "2085",
      "name": "Ludvika",
      "type": "K"
    },
    "ockelbo": {
      "id": "2101",
      "name": "Ockelbo",
      "type": "K"
    },
    "hofors": {
      "id": "2104",
      "name": "Hofors",
      "type": "K"
    },
    "ovanåker": {
      "id": "2121",
      "name": "Ovanåker",
      "type": "K"
    },
    "nordanstig": {
      "id": "2132",
      "name": "Nordanstig",
      "type": "K"
    },
    "ljusdal": {
      "id": "2161",
      "name": "Ljusdal",
      "type": "K"
    },
    "gävle": {
      "id": "2180",
      "name": "Gävle",
      "type": "K"
    },
    "sandviken": {
      "id": "2181",
      "name": "Sandviken",
      "type": "K"
    },
    "söderhamn": {
      "id": "2182",
      "name": "Söderhamn",
      "type": "K"
    },
    "bollnäs": {
      "id": "2183",
      "name": "Bollnäs",
      "type": "K"
    },
    "hudiksvall": {
      "id": "2184",
      "name": "Hudiksvall",
      "type": "K"
    },
    "ånge": {
      "id": "2260",
      "name": "Ånge",
      "type": "K"
    },
    "timrå": {
      "id": "2262",
      "name": "Timrå",
      "type": "K"
    },
    "härnösand": {
      "id": "2280",
      "name": "Härnösand",
      "type": "K"
    },
    "sundsvall": {
      "id": "2281",
      "name": "Sundsvall",
      "type": "K"
    },
    "kramfors": {
      "id": "2282",
      "name": "Kramfors",
      "type": "K"
    },
    "sollefteå": {
      "id": "2283",
      "name": "Sollefteå",
      "type": "K"
    },
    "örnsköldsvik": {
      "id": "2284",
      "name": "Örnsköldsvik",
      "type": "K"
    },
    "ragunda": {
      "id": "2303",
      "name": "Ragunda",
      "type": "K"
    },
    "bräcke": {
      "id": "2305",
      "name": "Bräcke",
      "type": "K"
    },
    "krokom": {
      "id": "2309",
      "name": "Krokom",
      "type": "K"
    },
    "strömsund": {
      "id": "2313",
      "name": "Strömsund",
      "type": "K"
    },
    "åre": {
      "id": "2321",
      "name": "Åre",
      "type": "K"
    },
    "berg": {
      "id": "2326",
      "name": "Berg",
      "type": "K"
    },
    "härjedalen": {
      "id": "2361",
      "name": "Härjedalen",
      "type": "K"
    },
    "östersund": {
      "id": "2380",
      "name": "Östersund",
      "type": "K"
    },
    "nordmaling": {
      "id": "2401",
      "name": "Nordmaling",
      "type": "K"
    },
    "bjurholm": {
      "id": "2403",
      "name": "Bjurholm",
      "type": "K"
    },
    "vindeln": {
      "id": "2404",
      "name": "Vindeln",
      "type": "K"
    },
    "robertsfors": {
      "id": "2409",
      "name": "Robertsfors",
      "type": "K"
    },
    "norsjö": {
      "id": "2417",
      "name": "Norsjö",
      "type": "K"
    },
    "malå": {
      "id": "2418",
      "name": "Malå",
      "type": "K"
    },
    "storuman": {
      "id": "2421",
      "name": "Storuman",
      "type": "K"
    },
    "sorsele": {
      "id": "2422",
      "name": "Sorsele",
      "type": "K"
    },
    "dorotea": {
      "id": "2425",
      "name": "Dorotea",
      "type": "K"
    },
    "vännäs": {
      "id": "2460",
      "name": "Vännäs",
      "type": "K"
    },
    "vilhelmina": {
      "id": "2462",
      "name": "Vilhelmina",
      "type": "K"
    },
    "åsele": {
      "id": "2463",
      "name": "Åsele",
      "type": "K"
    },
    "umeå": {
      "id": "2480",
      "name": "Umeå",
      "type": "K"
    },
    "lycksele": {
      "id": "2481",
      "name": "Lycksele",
      "type": "K"
    },
    "skellefteå": {
      "id": "2482",
      "name": "Skellefteå",
      "type": "K"
    },
    "arvidsjaur": {
      "id": "2505",
      "name": "Arvidsjaur",
      "type": "K"
    },
    "arjeplog": {
      "id": "2506",
      "name": "Arjeplog",
      "type": "K"
    },
    "jokkmokk": {
      "id": "2510",
      "name": "Jokkmokk",
      "type": "K"
    },
    "överkalix": {
      "id": "2513",
      "name": "Överkalix",
      "type": "K"
    },
    "kalix": {
      "id": "2514",
      "name": "Kalix",
      "type": "K"
    },
    "övertorneå": {
      "id": "2518",
      "name": "Övertorneå",
      "type": "K"
    },
    "pajala": {
      "id": "2521",
      "name": "Pajala",
      "type": "K"
    },
    "gällivare": {
      "id": "2523",
      "name": "Gällivare",
      "type": "K"
    },
    "älvsbyn": {
      "id": "2560",
      "name": "Älvsbyn",
      "type": "K"
    },
    "luleå": {
      "id": "2580",
      "name": "Luleå",
      "type": "K"
    },
    "piteå": {
      "id": "2581",
      "name": "Piteå",
      "type": "K"
    },
    "boden": {
      "id": "2582",
      "name": "Boden",
      "type": "K"
    },
    "haparanda": {
      "id": "2583",
      "name": "Haparanda",
      "type": "K"
    },
    "kiruna": {
      "id": "2584",
      "name": "Kiruna",
      "type": "K"
    }
  }
}