{
  "V11E100823": "ALNÄNGARNAS FÖRSKOLA",
  "V11E111193": "I Ur Och Skur Hedenhös Förskola",
  "V11E114514": "GLOMMAGÅRDEN",
  "V11E123122": "Grenadjärskolans Förskola",
  "V11E135247": "SOTTERNGÅRDEN",
  "V11E135251": "RINGBLOMMAN",
  "V11E139984": "Fridhem Förskola",
  "V11E146907": "GRÖNVALLSKA FÖRSKOLAN",
  "V11E147998": "SOLSKENET",
  "V11E152740": "KLOCKARÄNGENS FÖRSKOLA",
  "V11E167621": "ÄDELSTENEN",
  "V11E170303": "ÖKNA FÖRSKOLA",
  "V11E187115": "Dibber Kottebo Förskola",
  "V11E189731": "NÄSBY FÖRSKOLA",
  "V11E213807": "BRUKETS FÖRSKOLA",
  "V11E226453": "LERGÖKEN",
  "V11E234396": "TÖRSJÖ FÖRSKOLA",
  "V11E237379": "Killevigge",
  "V11E246097": "TYBBLE FÖRSKOLA",
  "V11E254819": "Dibber Valpebo Förskola",
  "V11E255331": "PER ANDERSGÅRDEN",
  "V11E289255": "Änglunda",
  "V11E295291": "LARSGÅRDEN",
  "V11E295895": "LEKLUSTAN",
  "V11E304051": "UTFORSKAREN",
  "V11E305277": "FÖRÄLDRAKOOPERATIVET ÄNGEN",
  "V11E305758": "FÅRAHERDEN",
  "V11E329430": "ÖSTERÄNGENS FÖRSKOLA",
  "V11E329460": "Hanna Förskola",
  "V11E337959": "BJÖRKHAGA FÖRSKOLA",
  "V11E342871": "BROLYCKANS FÖRSKOLA",
  "V11E350254": "Tysslinge Förskola Asken",
  "V11E353619": "Blåsippan",
  "V11E361129": "KASTANJEGÅRDEN",
  "V11E362581": "MOSJÖ FÖRSKOLA",
  "V11E383933": "SÖDRA GÅRDEN",
  "V11E384351": "GARPHYTTANS FÖRSKOLA",
  "V11E385143": "Pärlan",
  "V11E385158": "SKOGSBRYNET",
  "V11E386281": "OSKARSTORGETS FÖRSKOLA",
  "V11E391977": "FRUKTGÅRDEN",
  "V11E402197": "EKÄNGENS FÖRSKOLA",
  "V11E418450": "HÄSTSKON",
  "V11E424967": "GALAXEN",
  "V11E432560": "ÄVENTYRET",
  "V11E438971": "TYBBLELUNDS FÖRSKOLA",
  "V11E439607": "FÖRFATTAREN",
  "V11E442227": "SKUTAN",
  "V11E443787": "EMILIA",
  "V11E444378": "LAVENDELGÅRDEN",
  "V11E444546": "Framtidens Förskola",
  "V11E462566": "ÄNGLAGÅRD",
  "V11E468169": "KARLSLUNDS FÖRSKOLA",
  "V11E480635": "KRYDDGÅRDEN",
  "V11E480926": "NORRSTJÄRNAN",
  "V11E482328": "MARIEBERGS FÖRSKOLA",
  "V11E491873": "SKOGSGLÄNTAN",
  "V11E496277": "VILLEKULLA",
  "V11E503680": "ALMBY FÖRSKOLA",
  "V11E505870": "FANTASIA",
  "V11E511923": "STALLBACKEN",
  "V11E512711": "VÄSTER PARKS FÖRSKOLA ,DAG,",
  "V11E519382": "RYNNINGEÅSENS FÖRSKOLA",
  "V11E531767": "BETTORPS FÖRSKOLA",
  "V11E534793": "Hagvidson Nyponlunden",
  "V11E539186": "MURGRÖNAN",
  "V11E540401": "LATORPS FÖRSKOLA",
  "V11E541721": "LILLÅNS FÖRSKOLA",
  "V11E556659": "Tellus",
  "V11E558948": "EMIL",
  "V11E560200": "ALLÉGÅRDEN",
  "V11E561042": "NYBACKENS FÖRSKOLA",
  "V11E566133": "MEJERIET",
  "V11E587170": "ASKERS FÖRSKOLA",
  "V11E589472": "Försprånget",
  "V11E605887": "GÅSAPIGAN",
  "V11E608871": "Terra Nova",
  "V11E632517": "Dibber Västra Mark Förskola",
  "V11E634600": "Igelkotten",
  "V11E637194": "SKEPPET",
  "V11E644529": "NYCKELPIGAN",
  "V11E646807": "ALMGÅRDEN",
  "V11E669804": "BLÅKLINTEN",
  "V11E673206": "MUSIKANTEN",
  "V11E678397": "SAGOGÅRDEN",
  "V11E702108": "KLOCKARGÅRDEN",
  "V11E703936": "BYGGKLOSSEN",
  "V11E705469": "HEIMDAL",
  "V11E715892": "ERVALLA FÖRSKOLA",
  "V11E716430": "VINTROSA FÖRSKOLA",
  "V11E718363": "SJÖGÅRDEN",
  "V11E721172": "EKEBERGABACKEN",
  "V11E727294": "BACKAGÅRDEN",
  "V11E742492": "Hagvidson Marieberg",
  "V11E742674": "GUNGHÄSTEN",
  "V11E749811": "Waldorfförskolan Viljan",
  "V11E765156": "VINGENS FÖRSKOLA",
  "V11E767247": "KUBEN",
  "V11E768830": "LILLSTUGAN",
  "V11E774951": "LEKLUNDEN",
  "V11E775852": "BECKASINEN",
  "V11E792921": "RINKABY FÖRSKOLA",
  "V11E813505": "Snökristallens Barnakademi",
  "V11E814047": "VINTERGATAN",
  "V11E818182": "KASTANJEN",
  "V11E825381": "SAGAN",
  "V11E831948": "KULLEN",
  "V11E838499": "KLÖVERÄNGENS FÖRSKOLA",
  "V11E839714": "SATELLITEN",
  "V11E842070": "REGNBÅGEN",
  "V11E842634": "JÄRLE FÖRSKOLA",
  "V11E849681": "LAGAN",
  "V11E857780": "TROLLBACKEN",
  "V11E883309": "FRIDENSBERG",
  "V11E884562": "FASANEN",
  "V11E885446": "Förskolan Klätterträdet",
  "V11E897201": "Nejlikan",
  "V11E918984": "WADKÖPINGS FÖRSKOLA",
  "V11E923847": "SILVA",
  "V11E927991": "HASSELMUSEN",
  "V11E928211": "KNAGGLABACKE",
  "V11E931260": "SÖRGÅRDEN",
  "V11E938318": "KRISTINASKOLANS FÖRSKOLA",
  "V11E946996": "LILLKYRKA FÖRSKOLA",
  "V11E949525": "LARS WIVALLIUS FÖRSKOLA",
  "V11E953833": "KÅRSTAÄNGEN",
  "V11E955316": "VÄXTHUSET",
  "V11E967458": "Waldorfförskolan Linden",
  "V11E972713": "ADOLFSBERGSSKOLANS FÖRSKOLA",
  "V11E975315": "MARKLYCKANS FÖRSKOLA",
  "V11E981405": "FÖRSKOLAN FISKGJUSEN",
  "V11E984512": "BLÅMESEN",
  "V11E986494": "OPALEN",
  "V11E995706": "JUNIBACKEN",
  "V11E998280": "KAMELEONTEN",
  "V15E17183375": "Glanshammars skola",
  "V15E18382183": "Hovstaskolan F-6",
  "V15E188000101": "Almby skola F-9",
  "V15E188000301": "Engelbrektsskolan",
  "V15E188000304": "Stureskolan",
  "V15E188000401": "Björkhagaskolan",
  "V15E188000804": "Mellringeskolan 7-9",
  "V15E188001701": "Brickebackens skola",
  "V15E188003001": "Johannaskolan Örebro Waldorfskola",
  "V15E188003701": "Vintrosa skola",
  "V15E188003908": "Odenskolan",
  "V15E188005002": "Adolfsbergsskolan 7-9",
  "V15E188005501": "Hannaskolan",
  "V15E188006001": "Brukets skola",
  "V15E188006901": "Navet",
  "V15E188007202": "Ervalla skola",
  "V15E188007203": "Ölmbrotorps skola",
  "V15E188007301": "Garphyttans skola",
  "V15E188007701": "Hagaskolan",
  "V15E188007801": "Gumaeliusskolan",
  "V15E188008001": "Almbro skola",
  "V15E188008301": "Norrbyskolan",
  "V15E188008701": "Rostaskolan F-6",
  "V15E188009101": "Grenadjärskolan",
  "V15E188009201": "Föräldrakoop. Tysslinge skola",
  "V15E188009601": "Fridhems friskola",
  "V15E188010201": "Adolfsbergsskolan F-6",
  "V15E188010301": "Brunnsskolan",
  "V15E188010401": "Mariebergsskolan",
  "V15E188010501": "Mosjö skola",
  "V15E188010801": "Pops Academy Karl Johan",
  "V15E188011001": "Wallerska skolan",
  "V15E188011101": "Viktoriaskolan",
  "V15E188011401": "Lundbyskolan",
  "V15E188012001": "Tegnérskolan",
  "V15E188012401": "Internationella Engelska Skolan Örebro",
  "V15E188012602": "Stora Mellösa skola",
  "V15E188012701": "Askers skola",
  "V15E188012703": "Hampetorps skola",
  "V15E188013001": "Lillåns Södra skola",
  "V15E188013701": "Närkes Kils skola",
  "V15E188014402": "Magelungens Grundskola Örebro",
  "V15E188015001": "Latorps skola",
  "V15E188015401": "Kunskapsskolan Örebro",
  "V15E188015801": "Fyren Ekalmens skola",
  "V15E188015901": "Karlslundsskolan",
  "V15E188016001": "JENSEN grundskola Örebro",
  "V15E26831439": "Lillåns skola F-9",
  "V15E41515120": "Arena Skolor",
  "V15E48863032": "Adolfsbergsskolan anpassad grundskola och RH",
  "V15E51948478": "Tybblelundsskolan",
  "V15E55597667": "Vittra Örebro",
  "V15E57966953": "Västra Engelbrektsskolan",
  "V15E60272834": "Änglandaskolan",
  "V15E64644807": "Vivallaskolan",
  "V15E68276614": "Svealundsskolan",
  "V15E76192118": "Entréskolan Örebro",
  "V15E82801230": "Drakenbergsskolan",
  "V15E90329737": "Centralt skolstöd",
  "V15E93918784": "Olaus Petriskolan F-6",
  "V15E94395043": "Olaus Petriskolan 7-9",
  "V15E95079835": "Mellringeskolan F-6",
  "V17E12198363": "Virginska gymnasiet RGD-RGH",
  "V17E15933512": "Virginska gymnasiet",
  "V17E18691102": "Praktiska Gymnasiet Örebro",
  "V17E24349146": "Tullängsgymnasiet",
  "V17E28482422": "Realgymnasiet i Örebro",
  "V17E29225010": "NTI Gymnasiet Örebro",
  "V17E47692481": "Yrkesgymnasiet Örebro",
  "V17E49739986": "Grillska Gymnasiet Örebro",
  "V17E56886667": "Karolinska gymnasiet",
  "V17E62394916": "Rudbecksgymnasiet RGD-RGH",
  "V17E64648566": "Drottning Blankas Gymnasieskola Örebro",
  "V17E65421426": "Rudbecksgymnasiet",
  "V17E67908927": "Rytmus Örebro",
  "V17E70302356": "Proffsgymnasiet",
  "V17E72071234": "Thoren Business School Örebro",
  "V17E83605345": "Tullängsgymnasiet RGD-RGH",
  "V17E92192566": "JENSEN Gymnasium Örebro",
  "V17E94207720": "LBS Kreativa Gymnasiet Örebro",
  "V21E10537": "Amare Omsorg",
  "V21E11350": "Dreamcare omsorg",
  "V21E11899": "Axberg/ Grenadjären/ Vivalla grupp",
  "V21E12813": "A-omsorg",
  "V21E12814": "Akita omsorg",
  "V21E12817": "Good Service",
  "V21E13740": "Aspen Hemtjänst",
  "V21E13741": "Avancerad Omsorg och vård",
  "V21E13742": "Cleverex Omsorg AB",
  "V21E13743": "Lycka omsorg AB",
  "V21E13746": "Örebro hemvård Almby",
  "V21E13748": "Örebro hemvård Eker",
  "V21E13749": "Örebro hemvård Eyra",
  "V21E13751": "Örebro hemvård Gustavsvik",
  "V21E13752": "Örebro hemvård Haga",
  "V21E13753": "Örebro hemvård Hjälmaren",
  "V21E13754": "Örebro hemvård Karla",
  "V21E13755": "Örebro hemvård Karlslund",
  "V21E13756": "Örebro hemvård Kvismaren",
  "V21E13757": "Örebro hemvård Marka",
  "V21E13758": "Örebro hemvård Mikaeli",
  "V21E13760": "Örebro hemvård Nobel",
  "V21E13761": "Örebro hemvård Sofia",
  "V21E13762": "Örebro hemvård Svampen",
  "V21E13764": "Örebro hemvård Wadköping",
  "V23E12009": "Askenäs",
  "V23E12010": "Backagården",
  "V23E12011": "Demenscentrum",
  "V23E12012": "Jeremiasgården",
  "V23E12013": "Karlslundsgården",
  "V23E12014": "Vintrosahemmet",
  "V23E13127": "Berggården",
  "V23E13128": "Hagagården",
  "V23E13129": "Kornellen",
  "V23E13130": "Västerpark",
  "V23E8693": "Adolfsbergshemmet",
  "V23E8698": "Elgströmska",
  "V23E8702": "Klosterbacken",
  "V23E8706": "Löwenhjelmska",
  "V23E8707": "Mikaeligården",
  "V23E8711": "Rostahemmet",
  "V23E8714": "Rynningeviken",
  "V23E8716": "Skebäcksgården",
  "V23E8719": "Södermalmshemmet",
  "V23E8722": "Trädgårdarna",
  "V23E8724": "Ängen",
  "V23E9572": "Sirishof",
  "V23E9573": "Skäpplandsgården",
  "V25E5389": "Boskärsgatan 48 A",
  "V25E5391": "Engelbrektsgatan 19",
  "V25E5393": "Karlsgatan 50 C",
  "V25E5395": "Kumminvägen 13",
  "V25E5398": "Loggatan 22",
  "V25E5401": "Markgatan 8 A",
  "V25E5404": "Näbbtorgsgatan",
  "V25E5405": "Näbbtorgsteamet",
  "V25E5406": "Skaldegatan 5 E–F",
  "V25E6848": "Drottninggatan 29",
  "V25E6850": "Kornellvägen 38 b",
  "V25E6851": "Lundhagsvägen 82",
  "V25E6852": "Mogatan 5",
  "V25E6853": "Moholmsvägen 3B",
  "V25E6856": "Skäpplandsgatan 3",
  "V25E6859": "Åkervägen 22",
  "V25E6860": "Åstrandsvägen 3 A",
  "V25E8792": "Britagatan 4 A-B",
  "V25E8793": "Ceciliagården AB",
  "V25E8794": "Drakenbergsgatan 1 A",
  "V25E8795": "Ekeby-Almby gruppbostad",
  "V25E8796": "Eklundavägen 6",
  "V25E8797": "Emilie Risbergs väg 4 D",
  "V25E8798": "Fabriksgatan 40-44",
  "V25E8799": "Frimärksgatan",
  "V25E8800": "Grytängsvägen 19",
  "V25E8801": "Gräsgatan 3",
  "V25E8802": "Gällersta-Gryt",
  "V25E8803": "Hus 2",
  "V25E8804": "Karlbergvägen 6",
  "V25E8805": "Karlsgatan 42",
  "V25E8806": "Karlsgatan 56",
  "V25E8807": "Kumlagårdsvägen 1",
  "V25E8808": "Kvarntorpsvägen 1-3",
  "V25E8809": "Landbotorpsallén",
  "V25E8810": "Lindhultsvägen3",
  "V25E8811": "Lutabäcksvägen 26 A-B",
  "V25E8812": "Norra Bro",
  "V25E8813": "Norrängsvägen 2",
  "V25E8814": "Näset gruppbostad",
  "V25E8815": "Olaigatan 31",
  "V25E8816": "Ormesta 122-124",
  "V25E8817": "Rasmusbyn Hus 1",
  "V25E8818": "Rasmusbyn Hus 3",
  "V25E8819": "Rasmusbyn Hus 4",
  "V25E8820": "Rostagatan 40",
  "V25E8821": "SAndbackavägen 1J",
  "V25E8822": "Sandtäppevägen",
  "V25E8823": "Skolgatan 8B",
  "V25E8824": "Skäpplandsgatan 5",
  "V25E8825": "Sofiagatan 6 vån 4",
  "V25E8826": "Sofiagatan 6, vån.3",
  "V25E8827": "Tallrisvägen 45",
  "V25E8828": "Trollbärsgatan 36",
  "V25E8829": "Åbylundsgatan 1",
  "V25E8830": "Ånstagatan 27",
  "V25E8831": "Ånstalundsvägen 16",
  "V25E8832": "Östra vintergatan 7",
  "V25E9694": "Aprikosgatan 14 A",
  "V25E9695": "Frimärksgatan 3-13",
  "V25E9696": "Sandtäppevägen 10",
  "V25E9697": "Skäpplandsgatan 25",
  "V25E9698": "Änggatan 34",
  "V25E9699": "Ånstalundvägen",
  "V26E5888": "Daglia",
  "V26E5893": "DC-tryck",
  "V26E5894": "Dixi",
  "V26E5895": "Fresa",
  "V26E5896": "Fröet",
  "V26E5897": "Glöden",
  "V26E5900": "Skaparverkstaden",
  "V26E5901": "Tygtrasan",
  "V26E5902": "Örnsrogruppen",
  "V26E5903": "12:an B",
  "V26E5904": "Senapsvägen 20 B",
  "V26E5917": "Senapsvägen 20 A",
  "V26E5922": "Visan",
  "V26E5923": "12:an A",
  "V26E5924": "45:an",
  "V26E7493": "Baronbacken",
  "V26E7494": "Café och kök",
  "V26E7495": "Datagruppen",
  "V26E7496": "Dialog DV",
  "V26E7497": "Dialog DV Boutique",
  "V26E7498": "INDA.NU",
  "V26E7499": "Karlsgatan 42 BODA",
  "V26E7500": "Karlsgatan56 BOD",
  "V26E7501": "Lotus",
  "V26E7502": "OP Café och kök",
  "V26E7503": "Ormesta 124 BODA",
  "V26E7504": "Pettersberg DV",
  "V26E7505": "Rasmusbyn AB",
  "V26E7506": "Rynninge DV",
  "V26E7507": "Trängen IP gruppen",
  "V26E7508": "Tärnvägen 10 BODA",
  "V26E7509": "klippan",
  "V26E7978": "Daglig verksamhet Örebro",
  "V26E7979": "Enhet 1",
  "V26E7980": "Enhet 2",
  "V26E7981": "Enhet 3",
  "V26E7982": "Enhet 4",
  "V26E7983": "Enhet 5",
  "V26E8204": "39:an",
  "V26E8205": "Argonen",
  "V26E8206": "Bergslagens second hand DV",
  "V26E8207": "Bildstudion",
  "V26E8208": "DV Norrby senior",
  "V26E8209": "Dagteamet AB",
  "V26E8210": "Ekbacken",
  "V26E8211": "Enhet 4 Aspen",
  "V26E8212": "Enhet 4 Björksand",
  "V26E8213": "Enhet 4 Combi",
  "V26E8214": "Enhet 4 Fanfaren",
  "V26E8215": "Enhet 4 Filtergruppen",
  "V26E8216": "Enhet 4 Kasernen",
  "V26E8217": "Enhet 4 Kompaniet",
  "V26E8218": "Enhet 4 LS-gruppen",
  "V26E8219": "Enhet 4 Mariebergs Hunddagis",
  "V26E8220": "Enhet 4 Reveljen",
  "V26E8221": "Enhet 4 Servicekompaniet",
  "V26E8222": "Entréteamet",
  "V26E8223": "Erikshjälpen DV",
  "V26E8224": "Haga",
  "V26E8225": "Idrottshusets DV",
  "V26E8226": "Karlslundsgruppen",
  "V26E8227": "Karslundsgården DV",
  "V26E8228": "Konsthörnan",
  "V26E8229": "Legotjänst",
  "V26E8230": "Lumen",
  "V26E8231": "Nova",
  "V26E8232": "Nyponlunden",
  "V26E8233": "Ribbingsgatan 5",
  "V26E8234": "Tullen",
  "V26E8235": "VD-demontering",
  "V28E5817": "DV enhet 3 Baronbacken",
  "V28E5818": "DV enhet 3 Café 3:an",
  "V28E5819": "DV enhet 2 Datagruppen",
  "V28E5820": "DV enhet 2 Skaparverkstan",
  "V28E5821": "DV enhet 1 Legotjänst",
  "V28E5822": "DV enhet 1 Karlslundsgruppen",
  "V28E5933": "DV enhet 4 media info center",
  "V28E7017": "DV enhet 2 DC-tryck",
  "V28E7018": "DV enhet 2 Konsthörnan",
  "V28E7019": "Dv enhet 2 Kök och café",
  "V28E7021": "DV enhet 2 Tygtrasan",
  "V28E7024": "Dv enhet 3 Reveljen",
  "V28E7025": "DV enhet 3 Visan",
  "V28E7026": "Dv enhet 4 Esteten",
  "V28E7027": "Dv enhet 4 Mariebergs hunddagis",
  "V28E7029": "Dv enhet 4 Transport gruppen",
  "V28E7030": "Dv enhet 4 Tullen",
  "V28E7031": "Dv enhet 4 VD-demontering",
  "V29E10613": "EC1.5 Frimärksgatan",
  "V29E10614": "EC1:1 Kumlagårdsvägen",
  "V29E10615": "EC1:1 Lundhagsvägen",
  "V29E10616": "EC1:1 Åkervägen",
  "V29E10617": "EC1:10 Återbruksvägen 7B",
  "V29E10618": "EC1:2 Kornellvägen",
  "V29E10619": "EC1:2 Lutabäcksvägen",
  "V29E10620": "EC1:4 Gräsgatan 3",
  "V29E10621": "EC1:4 Trollbärsgatan 36",
  "V29E10622": "EC1:5 Skaldegatan",
  "V29E10623": "EC1:6 Norrbackavägen 4A",
  "V29E10624": "EC1:7 Sandbackavägen 1J",
  "V29E10625": "EC1:8 Karlsgatan 56",
  "V29E10626": "EC1:9 Rostagatan 40",
  "V29E10627": "EC2:1 Bjällbovägen 7",
  "V29E10628": "EC2:2 Skäpplandsgatan 25",
  "V29E10629": "EC2:2 Skäpplandsgatan 3",
  "V29E10630": "EC2:2 Skäpplandsgatan 5",
  "V29E10631": "EC2:3 Karlslund 220",
  "V29E10632": "EC2:3 Karlslund 226",
  "V29E10633": "EC2:4 Ekevägen 10 A",
  "V29E10634": "EC2:5 Skolgatan 8B",
  "V29E10635": "EC2:8 Drottninggatan 29",
  "V29E10636": "EC2:8 Änggatan 34",
  "V29E10637": "EC2:9 Sörbyängsvägen 2E",
  "V29E10638": "EC3:1 Källvägen 9",
  "V29E10639": "EC3:1 Smedjevägen 14",
  "V29E10640": "EC3:10 Senapsvägen 10",
  "V29E10641": "EC3:10 Tallrisvägen 45",
  "V29E10642": "EC3:2 Sofiagatan 6, våning 4",
  "V29E10643": "EC3:3 Engelbrektsgatan 19",
  "V29E10644": "EC3:4 Boskärsgatan",
  "V29E10645": "EC3:4 Landbotorpsallén 23",
  "V29E10646": "EC3:4 Stallgatan",
  "V29E10647": "EC3:5 Loggatan 22",
  "V29E10648": "EC3:6 Britagatan 4",
  "V29E10649": "EC3:6 Måsvägen 2",
  "V29E10650": "EC3:6 Tärnvägen 10",
  "V29E10651": "EC3:7 Kvarntorpsvägen 1-3",
  "V29E10652": "EC3:7 Lindhultsvägen 3",
  "V29E10653": "EC3:7 Mosåsvägen 51A-C",
  "V29E10654": "EC3:8 Karlsbergsvägen 6",
  "V29E10655": "EC3:8 Moholmsvägen 3B",
  "V29E10656": "EC3:9 Nordanåsvägen 23",
  "V29E10657": "EC3:9 Stenvägen 42",
  "V29E10658": "Ekeby-Almby gruppbostad",
  "V29E10659": "Norra Bro gruppbostad",
  "V29E9586": "Näset GB",
  "V29E9588": "Område 1",
  "V29E9589": "Område 2",
  "V29E9590": "Område 3",
  "V29E9591": "Område 4",
  "V30E8079": "Område 1",
  "V30E8080": "Område 2",
  "V30E8081": "Område 4",
  "V30E8885": "EC1:10 Aprikosgatan 14A",
  "V30E8886": "EC1:3 Brevduvegatan 9",
  "V30E8887": "EC1:6 Olaigatan 31",
  "V30E8888": "EC1:6 Östra Vintergatan 7",
  "V30E8889": "EC1:7 Karlsgatan 50",
  "V30E8890": "EC1:7 Markgatan",
  "V30E8891": "EC1:9 Åbylundsgatan 1",
  "V30E8892": "EC1:9 Ånstagatan 27",
  "V30E8893": "EC2:4 Lektorpsvägen 10",
  "V30E8894": "EC2:7 Fabriksgatan 40-44",
  "V30E8895": "EC2:7 Näbbtorgsgatan 16",
  "V30E8896": "EC2:7 Näbbtorgsteamet",
  "V30E8897": "EC3:10 Granrisvägen 27B",
  "V30E8898": "EC3:11 Drakenbergsgatan 1A",
  "V30E8899": "EC3:11 Gällersta/Gryt",
  "V30E8900": "EC3:3 Mogatan 5",
  "V30E8901": "EC3:5 Peppargatan 6",
  "V31E7089": "SpÅbylund",
  "V31E7090": "SpPositivet",
  "V31E7091": "SpMarkteamet",
  "V31E7092": "SpFanjunkaren",
  "V31E7094": "SpHöstsol",
  "V31E7095": "SpNya Sandbacken",
  "V31E7314": "SpUllavi",
  "V31E7549": "SPHagaby2",
  "V31E7550": "SPMobila1",
  "V31E7551": "SPMobila2",
  "V31E7552": "SPMobila3",
  "V31E7614": "SP Vårsol",
  "V31E7615": "SP Notstugan",
  "V11E105332": "KVARNGÅRDENS FÖRSKOLA",
  "V11E107731": "HARDEMO FÖRSKOLA",
  "V11E120680": "DUVANS FÖRSKOLA",
  "V11E126402": "FJÄRILEN GULDVINGE FÖRSKOLA",
  "V11E171708": "MYGGANS FÖRSKOLA",
  "V11E193397": "LILLHEDENS FÖRSKOLA",
  "V11E216527": "SMEDENS FÖRSKOLA",
  "V11E253581": "MALMENS FÖRSKOLA",
  "V11E312868": "BLÅ HUSET",
  "V11E362199": "MATILDELUNDS FÖRSKOLA",
  "V11E394023": "HÄSTENS FÖRSKOLA",
  "V11E418380": "TRÄDGÅRDENS FÖRSKOLA",
  "V11E544284": "SÖRBY FÖRSKOLA",
  "V11E548923": "NORRGÅRDENS FÖRSKOLA",
  "V11E585559": "HÄLLABROTTETS FÖRSKOLA",
  "V11E673283": "BORGENS FÖRSKOLA",
  "V11E720564": "SOLGLÄNTANS FÖRSKOLA",
  "V11E911527": "SOLHAGAS FÖRSKOLA",
  "V11E915144": "KUMLASJÖNS FÖRSKOLA",
  "V11E923318": "ÅBYTORPS FÖRSKOLA",
  "V11E961540": "BJÖRNENS FÖRSKOLA",
  "V11E979787": "EKEBY FÖRSKOLA",
  "V15E188100103": "Malmens skola",
  "V15E188100106": "Stene skola",
  "V15E188100205": "Kumlaby skola F-6",
  "V15E188100301": "Tallängens skola",
  "V15E188100501": "Vialundskolan",
  "V15E188100601": "Hagaskolan",
  "V15E188100604": "Ekeby skola",
  "V15E188101102": "Kumlaby skola 7-9",
  "V15E188101307": "Lillhedens skola",
  "V15E188101601": "Fylsta skola",
  "V15E188101604": "Hardemo skola",
  "V15E188102101": "Skogstorpsskolan F-6",
  "V15E188102701": "Skogstorpsskolan 7-9",
  "V17E23350817": "Introduktionsprogrammet Kumla",
  "V21E13765": "Centrumgruppen",
  "V21E13766": "Fylstagruppen",
  "V21E13767": "Kumlagruppen",
  "V21E13768": "Yttergruppen",
  "V21E8810": "Hemtjänsten",
  "V23E13131": "Kungsparken",
  "V23E7448": "Sannahed",
  "V23E9576": "Akvarellen",
  "V23E9577": "Bataljonen",
  "V23E9578": "Hemgården",
  "V25E6861": "Bryggan",
  "V25E6862": "Höganäsgatan",
  "V25E6863": "Klockaren",
  "V25E6865": "Renen",
  "V25E6866": "Rosinas",
  "V25E6867": "Skolvägen",
  "V25E6869": "Viagatan",
  "V25E8833": "Dykaren",
  "V25E8834": "Götgatans Servicebostad",
  "V25E8835": "Kapellgatan",
  "V25E8836": "LSS boende Stenebrunn",
  "V25E8837": "Lärkans servicebostad",
  "V25E8838": "Odengatan",
  "V25E8839": "Rosengården",
  "V25E8840": "Södergatan",
  "V26E5860": "Paletten",
  "V26E5861": "Resurscenter",
  "V26E5862": "Servicegruppen",
  "V26E5863": "Viljan",
  "V26E7510": "Vingen",
  "V26E8236": "Viljan, Vingen & Parketten",
  "V29E10152": "Gruppbostad LSS",
  "V30E7635": "Servicebostad",
  "V31E7404": "Boendestöd",
  "V32E7374": "Bostad med särskild service SoL",
  "V36E3500": "Assistans internt",
  "V36E3782": "Assistans internt",
  "V11E157217": "SÅGARVALLEN",
  "V11E231853": "FÖRSKOLAN SKOGSLYCKAN",
  "V11E337344": "FÖRSKOLAN GULLVIVAN",
  "V11E341983": "HUMLEGÅRDEN",
  "V11E372623": "BJÖRKÄNGEN",
  "V11E382698": "SUNDSÄNGEN",
  "V11E448169": "RÖNNESHYTTA FÖRSKOLA",
  "V11E495829": "SNÖRMAKAREN",
  "V11E637927": "MOSIPPAN",
  "V11E665461": "FÖRSKOLAN ÅMMEBERG",
  "V11E697741": "DAGSLÄNDAN",
  "V11E796142": "Hammars Förskola",
  "V11E809030": "KRISTINAGÅRDENS FÖRSKOLA",
  "V11E936006": "SNAVLUNDA FÖRSKOLA",
  "V15E188200110": "Åsbro skola",
  "V15E188200115": "Rönneshytta skola",
  "V15E188200201": "Sjöängsskolan",
  "V15E188200401": "Hammars skola",
  "V15E188200414": "Åmmebergs skola",
  "V15E188200801": "Närlundaskolan",
  "V21E13769": "Hammarsgruppen",
  "V21E13770": "Lerbäcksgruppen",
  "V21E13771": "Närlundagruppen",
  "V21E13772": "Strandgruppen",
  "V21E13773": "Torggruppen",
  "V23E10097": "Smedsgården - A",
  "V23E10098": "Smedsgården - B+C nedre",
  "V23E10099": "Smedsgården - B+C övre",
  "V23E1926": "Borgmästargården",
  "V23E9580": "Smedsgården",
  "V25E5414": "Gruppboende Storgatan",
  "V25E5416": "Gruppbostad Ekbacken",
  "V25E8841": "Floragatans Gruppboende",
  "V25E8842": "Torebergsvägens gruppbostad",
  "V25E8843": "Torsten Karlssons väg",
  "V25E9700": "TKV",
  "V26E5837": "Rondellen",
  "V26E5838": "Återbruket",
  "V26E8756": "Svalan kombination LSS",
  "V29E10660": "Gruppbostad LSS",
  "V30E8902": "TKV",
  "V31E7616": "Boendestöd SOL",
  "V34E7077": "Svalan SOL",
  "V11E112162": "RÖDHAKENS FÖRSKOLA",
  "V11E148143": "RÖDLUVANS FÖRSKOLA",
  "V11E227620": "HÄSÄNGENS FÖRSKOLA",
  "V11E295331": "SJÖLYCKANS FÖRSKOLA",
  "V11E323966": "I UR OCH SKUR FÖRSKOLAN GRANEN",
  "V11E333389": "LOVISELUNDS FÖRSKOLA",
  "V11E349671": "MYRANS FÖRSKOLA",
  "V11E369503": "GULLVIVANS FÖRSKOLA",
  "V11E400876": "TROLLETS FÖRSKOLA",
  "V11E430450": "VALLMONS FÖRSKOLA",
  "V11E470488": "UGGLANS FÖRSKOLA",
  "V11E487246": "PÄRLANS FÖRSKOLA",
  "V11E504373": "ÅSKULLENS FÖRSKOLA",
  "V11E507374": "FÖRSKOLAN GIRAFFEN",
  "V11E512207": "ÄNGENS FÖRSKOLA",
  "V11E516121": "MÅRBACKA FÖRSKOLA",
  "V11E570121": "KARTOGRAFENS FÖRSKOLA",
  "V11E679762": "VITSIPPANS FÖRSKOLA",
  "V11E694222": "HUMLANS FÖRSKOLA/FRITIDSHEM",
  "V11E720647": "LÄRKANS FÖRSKOLA",
  "V11E757908": "BLÅKLINTENS FÖRSKOLA",
  "V11E765375": "PRÄSTKRAGENS FÖRSKOLA",
  "V11E827227": "SANDMO UR O SKUR-FÖRSKOLA",
  "V11E833982": "GRANBERGSDALS SKOLA",
  "V11E853164": "SMEDENS FÖRSKOLA",
  "V11E905706": "RÄVENS FÖRSKOLA",
  "V11E922496": "BULLERDALENS FÖRSKOLA",
  "V11E927640": "KOMPASSENS FÖRSKOLA",
  "V11E985631": "SKOGSDUVANS FÖRSKOLA",
  "V11E989251": "KARLBERGS FÖRSKOLA",
  "V15E188300102": "Rävåsskolan",
  "V15E188300108": "Bregårdsskolan 4-6",
  "V15E188300901": "Aggerudsskolan",
  "V15E188301401": "Österledskolan",
  "V15E188301901": "Bregårdsskolan 7-9",
  "V15E188302001": "Karlbergsskolan",
  "V15E188302101": "Stråningstorpsskolan",
  "V15E188302201": "Skrantaskolan",
  "V15E188302401": "Sandviksskolan",
  "V15E188302501": "Bråtenskolan",
  "V15E188303201": "Granbergsdals ekonomiska förening",
  "V15E76977393": "Häsängsskolan",
  "V17E45830583": "Karlskoga Idrottsgymnasium",
  "V17E70669322": "Möckelngymnasiet",
  "V21E12829": "Ekeby",
  "V21E12830": "Elefanten",
  "V21E12831": "Nickkällan BC",
  "V21E12832": "Nickkällan DE",
  "V21E12833": "Rävåsen",
  "V21E12834": "Solbringen",
  "V21E13774": "Geologen",
  "V21E13775": "Högehus",
  "V21E13776": "Möckeln",
  "V21E13778": "Carls-Åby 1",
  "V21E13779": "Carls-Åby 2",
  "V21E13780": "Österbylaget 1",
  "V21E13781": "Österbylaget 2",
  "V21E6898": "Norr",
  "V21E6901": "Väst",
  "V21E6902": "Öst",
  "V23E13132": "Gammelro",
  "V23E13133": "Lötängen",
  "V23E13134": "Viljabo",
  "V23E7453": "Björkliden",
  "V23E7456": "Saxlyckan",
  "V23E7461": "Torpdalen",
  "V25E5418": "Skrantahöjdsvägen 48 B",
  "V25E5419": "Spelgatan 14",
  "V25E5420": "Stolpetorpsvägen 42",
  "V25E5421": "Stolpetorpsvägen 73",
  "V25E6870": "Badstugatan 60",
  "V25E6871": "Baggängsvägen 1C",
  "V25E6872": "Gösta Berlings väg 15",
  "V25E6873": "Mineralvägen 8",
  "V25E6874": "Sandviksvägen 21",
  "V25E6875": "Sandviksvägen 35",
  "V25E6876": "Skogsrundan 9",
  "V25E8844": "Fyrvägen 9",
  "V25E8845": "Knut Wistrands väg 6",
  "V25E8846": "Melkavägen 9",
  "V26E5845": "Café Solen",
  "V26E5846": "Externgruppen",
  "V26E5847": "Fokusservice",
  "V26E5848": "Kulturgrupp/Kördelux",
  "V26E5850": "Café Pärlan",
  "V26E5851": "Aston Lego",
  "V26E5852": "Ekeby Industri",
  "V26E5853": "Fokus",
  "V26E5854": "Intrycket",
  "V26E5855": "M-gruppen",
  "V26E5856": "Mobila Teamet",
  "V26E5857": "Nova-gruppen",
  "V26E5858": "Örntjänst",
  "V26E7511": "Maxi",
  "V26E7984": "Café Menelick, Café Pärlan, Fokus servicegrupp",
  "V26E7985": "Kulturgruppen",
  "V26E7986": "Team Karlberg",
  "V29E10661": "Gruppbostad Badstugatan",
  "V29E10662": "Sandviksvägen 35",
  "V29E6026": "Badstugan / Baggängsvägen",
  "V29E6086": "Fyrvägen",
  "V29E6351": "Knut Wistrands väg",
  "V29E6355": "Sandviksvägen 21",
  "V29E9105": "Gruppbostad Baggängsvägen 1 C",
  "V29E9107": "Melkavägen",
  "V29E9109": "Skrantahöjdsvägen",
  "V29E9110": "Spelgatan",
  "V29E9111": "Stolpetorpsvägen 42+73",
  "V30E8082": "Gösta Berlings väg 15",
  "V30E8084": "Skogsrundan",
  "V30E8631": "Mineralvägen / Sandviksvägen 35",
  "V30E8903": "Mineralvägen",
  "V31E7617": "Boendestöd LSS",
  "V36E3828": "Personlig assistans",
  "V11E123924": "LINGÅRDENS FÖRSKOLA",
  "V11E335004": "SÖDRA HAGA FÖRSKOLA",
  "V11E345653": "SAGOSKATTENS FÖRSKOLA",
  "V11E417899": "GYTTORPS FÖRSKOLA",
  "V11E624209": "JÄRNBOÅS FÖRSKOLA",
  "V11E752070": "Soltunets Förskola",
  "V11E761350": "HAGBYÄNGENS FÖRSKOLA",
  "V11E878821": "FÖRSKOLA ÄVENTYRET",
  "V11E899961": "MARSTRANDSHAGENS FÖRSKOLA",
  "V11E902455": "DALKARLSBERGS FÖRSKOLA",
  "V11E991581": "SPARVUGGLAN",
  "V15E188400101": "Järntorgsskolan",
  "V15E188400301": "Gyttorps skola",
  "V15E188400401": "Järnboås skola",
  "V15E188400403": "Ås skola",
  "V15E188400701": "Karlsängskolan",
  "V15E188401001": "Borns Friskola",
  "V15E188401201": "Lärkesskolan",
  "V17E71728074": "IM-programmet i Nora",
  "V21E13782": "HTJ Grupp Centrum",
  "V21E13783": "HTJ Grupp Norr",
  "V21E13784": "HTJ Grupp Söder",
  "V21E5404": "Hemtjänst",
  "V23E3042": "Hagby Ängar",
  "V23E3043": "Tullbackagården",
  "V25E6879": "Torget 1",
  "V25E6880": "Torget 2",
  "V25E8847": "Gyttorps gruppbostad",
  "V25E8848": "Marstrandshagen",
  "V25E8849": "Nyhyttans gruppbostad",
  "V25E8850": "Soltunet",
  "V25E8851": "Stensnäs gruppbostad",
  "V25E8852": "Sunnanlid",
  "V25E8853": "Trängkårsvägen",
  "V25E9701": "Bergsängs gruppbostad",
  "V25E9702": "Ceciliagården AB",
  "V25E9703": "Rasmusbyn Hus 2",
  "V25E9704": "Rasmusbyn Hus 3",
  "V25E9705": "Rasmusbyn Hus 4",
  "V26E5884": "Allaktivitetshuset",
  "V26E5885": "Café Gläntan",
  "V26E5886": "Gammelgården",
  "V26E7987": "Daglig verksamhet Nora",
  "V26E8237": "A-huset",
  "V26E8238": "Rasmusbyn AB",
  "V28E6977": "Dagligverksamhet LSS",
  "V29E10153": "Torget",
  "V29E10154": "Trängkårsvägen och Marstrandshagen",
  "V29E10663": "AB Villa Björkudden",
  "V29E10664": "Bergsäng gruppbostad",
  "V29E10665": "Gyttorp gruppbostad",
  "V29E10666": "Hammarby gruppbostad",
  "V29E10667": "Nyhyttan gruppbostad",
  "V29E10668": "Stensnäs gruppbostad",
  "V29E9243": "Sunnanlid",
  "V30E7395": "Serviceboende Torget",
  "V31E7274": "Socialpsykiatrin",
  "V36E3829": "Personlig assistans, Kungsängen i Nora",
  "V11E165846": "TROLLEBO FÖRSKOLA",
  "V11E299750": "RAMSBERG",
  "V11E311234": "FÖRSKOLA RÖRMOKERIET",
  "V11E413132": "TALLBACKEN",
  "V11E535572": "STÖTTESTENEN",
  "V11E582873": "BJÖRKEN",
  "V11E618368": "GRÖNSISKAN",
  "V11E633500": "HAGABACKEN",
  "V11E657967": "BERGKNALLEN",
  "V11E665676": "MARIEDAL",
  "V11E666683": "STADSSKOGEN",
  "V11E721190": "FÖRÄLDRAKOOPERATIVET KOKILLEN",
  "V11E758981": "FÖRSKOLAN FÖRÄLDRAKOOPERATIVET SLANGBELLAN",
  "V11E856370": "SKOGSDUNGEN",
  "V11E861982": "LYSMASKEN",
  "V11E867439": "GLÄNTAN",
  "V11E923446": "KRISTALLEN",
  "V11E947919": "KUNGSFÅGELN",
  "V11E975539": "PILKROGS FRISKOLA",
  "V11E994885": "KYRKBERGET",
  "V11E999807": "NÄSBY",
  "V15E15641642": "Fröviskolan F-6",
  "V15E188500306": "Storåskolan",
  "V15E188501101": "Löa skola",
  "V15E188502101": "Ekbackens skola",
  "V15E188502301": "Vedevågs skola",
  "V15E188502501": "Pilkrogs friskola",
  "V15E188502601": "Hagabackens skola",
  "V15E31015204": "Lindbackaskolan",
  "V15E47885092": "Björkhagaskolan",
  "V15E68098327": "Brotorpsskolan",
  "V15E75914181": "Lindeskolan LS 2",
  "V15E96316535": "Fröviskolan 7-9",
  "V17E39302565": "Lindeskolan LS 3",
  "V17E75082280": "Lindeskolan LS 1",
  "V17E75914181": "Lindeskolan LS 2",
  "V17E96818167": "Lindeskolan LS 4",
  "V21E10869": "HTJ VÄSTERBACKSGRUPPEN",
  "V21E13785": "HTJ Citygruppen",
  "V21E13786": "HTJ Hagabergsgruppen",
  "V21E13788": "HTJ Vågmästargruppen",
  "V21E13789": "HTJ Fellingsbrogruppen",
  "V21E13790": "HTJ Frövigruppen",
  "V21E6905": "Centrala",
  "V21E6910": "Norr",
  "V21E6912": "Söder",
  "V23E12020": "Tallåsen",
  "V23E13135": "Grönbodahemmet",
  "V23E13222": "Yxe herrgård",
  "V23E9584": "Ekgården",
  "V23E9586": "Källgården",
  "V23E9587": "Solliden",
  "V23E9588": "Ågården",
  "V25E5425": "Rönnliden",
  "V25E6881": "57:an",
  "V25E6882": "Blå villan",
  "V25E6883": "Lbg Backen",
  "V25E8854": "Björkbacken",
  "V25E8855": "Gläntan",
  "V25E8856": "Kullen",
  "V25E8857": "Kvarnberga",
  "V25E8858": "Källbacka",
  "V25E8859": "Källängen",
  "V25E8860": "Lbg Lillhaga",
  "V25E8861": "Lindebo",
  "V25E8862": "Lövsta",
  "V25E8863": "Rosa Villan",
  "V25E8864": "Viken",
  "V25E8865": "Villa Mosebacke",
  "V25E8866": "Ånäs",
  "V25E9706": "Lbg Frögården",
  "V25E9707": "Lbg Näsgården",
  "V25E9708": "hagaberg 57",
  "V26E5874": "Erikshjälpen",
  "V26E5876": "Daglig verksamhet Vågen",
  "V26E5877": "Ankaret",
  "V26E5878": "Kompassen",
  "V26E5879": "Lotsen",
  "V26E5880": "Paletten",
  "V26E5881": "Stallhjälpen Norslund",
  "V26E5882": "Ängen",
  "V26E7512": "Satellit",
  "V26E7988": "Yxe Herrghård Dagl verks",
  "V26E8239": "DV Fabriken",
  "V26E8757": "Kullgatan-Daglig verksamhet",
  "V29E6043": "Blå Villan",
  "V29E6231": "Lindebo",
  "V29E6311": "Rosa Villan",
  "V29E6416": "Villa Mosebacke",
  "V29E6428": "Yxe Herrgård AB",
  "V32E7326": "Parkvillan",
  "V11E670827": "FÖRSKOLAN SALTÄNGEN",
  "V11E692803": "JUNIBACKEN",
  "V11E861506": "FÖRSKOLAN LINDÅSEN",
  "V11E890309": "JORDGUBBEN",
  "V11E964331": "Tiveds Förskola",
  "V15E186000101": "Saltängsskolan",
  "V15E186000201": "Centralskolan",
  "V15E186000210": "Finnerödja skola",
  "V21E1502": "Hemtjänst",
  "V23E3415": "Ramundergården",
  "V25E6843": "Tallbacken",
  "V25E8777": "Björkebo",
  "V25E8778": "Navet",
  "V26E7977": "Dagcenter",
  "V26E8202": "Dagligverksamhet",
  "V28E5152": "Daglig verksamhet",
  "V29E10611": "Porla gruppbostad",
  "V29E6041": "Björkebo / Tallbacken",
  "V32E7325": "Drivknuten",
  "V36E3780": "Personlig assistans enl. LSS",
  "V11E207227": "Förskolan Åkerön",
  "V11E220914": "FÖRSKOLAN GLÄNTAN",
  "V11E241326": "FÖRSKOLAN KOMPASSEN",
  "V11E320740": "FÖRSKOLAN NORRGÅRDEN",
  "V11E468937": "FÖRSKOLAN HJORTEN",
  "V11E555014": "FÖRSKOLAN VIBYTORP",
  "V11E563227": "FÖRSKOLAN TREUDDEN",
  "V11E613889": "FÖRSKOLAN ÄPPELLUNDEN",
  "V11E628675": "FÖRSKOLAN TALLBACKEN",
  "V11E740360": "FÖRSKOLAN ÖSTANSJÖ",
  "V11E769857": "Förskolan Viby I Ur Och Skur",
  "V11E782865": "FÖRSKOLAN GULLVIVAN",
  "V11E940331": "FÖRSKOLAN SAGOBACKEN",
  "V11E978685": "FÖRSKOLAN FOLKASBO",
  "V11E996745": "FÖRSKOLAN EKHAGEN",
  "V15E186100401": "Transtenskolan",
  "V15E186100502": "Folkasboskolan",
  "V15E186100901": "Stocksätterskolan",
  "V15E186101601": "Långängskolan",
  "V15E186101701": "Sköllersta skola",
  "V15E186101801": "Östansjö skola",
  "V15E186101901": "Fredriksbergskolan",
  "V17E22752398": "Alléskolan 3",
  "V17E68734112": "Alléskolan 4",
  "V17E70969714": "Alléskolan 1",
  "V17E71922787": "Alléskolan 5",
  "V17E74148070": "Alléskolan 7",
  "V17E78730011": "Alléskolan 6",
  "V21E11607": "Hemvård Nord-Syd",
  "V21E1503": "Hemvård Norr",
  "V21E1504": "Hemvård Söder",
  "V21E1505": "Hemvård Väster",
  "V21E1506": "Hemvård Öster",
  "V23E13126": "Blomsterängen",
  "V23E1889": "Sköllergården",
  "V25E8779": "Rättarevägen 32",
  "V25E8780": "Östansjö gruppbostad",
  "V25E8781": "Östansol",
  "V25E9690": "Hantverkargatan",
  "V25E9691": "Nytorgsgatan 74",
  "V26E5839": "PL gruppen",
  "V26E5840": "Servicegruppen",
  "V26E5841": "Träffen",
  "V26E8203": "Sörängen",
  "V11E287591": "VILLERVALLA",
  "V11E354533": "HERRGÅRDEN",
  "V11E491403": "JORDGUBBEN",
  "V11E529657": "GULDGRUVAN",
  "V11E563066": "JUNIBACKEN",
  "V11E638362": "TALLBACKEN",
  "V11E824141": "STRÖMTORPS FÖRSKOLA",
  "V11E867069": "BJÖRKDUNGEN",
  "V11E925687": "SKOGSLYCKAN",
  "V11E933837": "REGNBÅGEN",
  "V15E186200201": "Stora Vallaskolan",
  "V15E186200601": "Bruksskolan",
  "V15E186200602": "Åtorps skola",
  "V15E186201001": "Strömtorpsskolan",
  "V15E186201008": "Svartå skola",
  "V15E186201301": "Parkskolan",
  "V17E10924758": "Degerforsgymnasiet",
  "V21E13731": "Centrum",
  "V21E13732": "Jannelund",
  "V21E13733": "Kastanjen",
  "V21E13734": "Ytter",
  "V21E2537": "Hemtjänst",
  "V23E10001": "Grindstugan",
  "V23E1893": "Västergården",
  "V23E2692": "Letälvsgården",
  "V25E8782": "Brogatan",
  "V25E8783": "Gärdesvägen",
  "V25E8784": "Odelbergsvägen",
  "V25E8785": "Skolgatan",
  "V25E8786": "Villa Syrén",
  "V25E9692": "Nya Brogatan",
  "V26E7490": "Slingan 4",
  "V26E7491": "Västergården plan 3",
  "V26E7492": "Västergården plan 5",
  "V11E363074": "LILLA PYRET",
  "V11E562523": "LÄRKAN 3",
  "V11E709237": "GRYTHYTTANS FÖRSKOLA",
  "V11E713422": "LÄRKAN 2",
  "V11E739716": "LÄRKAN 1",
  "V15E186301302": "Grythyttans skola",
  "V15E71650107": "Klockarhagsskolan F-åk3",
  "V15E72295739": "Klockarhagsskolan åk 7-9",
  "V15E72324248": "Klockarhagsskolan åk4-6",
  "V17E20620556": "Pihlskolan gymnasium",
  "V21E11398": "Samhall",
  "V21E13736": "HTJ Björkhaga",
  "V21E13737": "HTJ Centrumgruppen",
  "V21E13738": "HTJ Grythyttegruppen",
  "V21E13739": "HTJ Kyllergruppen",
  "V21E5792": "Hemtjänst",
  "V23E11997": "VoB Gillersgården",
  "V23E1895": "VoB Fyrklövern",
  "V25E8787": "Karlavagnen",
  "V25E8788": "Källan",
  "V25E8789": "Mogrensvägen",
  "V25E8790": "Svalan",
  "V26E5842": "Björkbacken",
  "V26E5843": "Lyckan",
  "V26E5844": "Pappersgruppen",
  "V11E261222": "FÖRSKOLAN SKOGSGLÄNTAN",
  "V11E394642": "FÖRSKOLAN GARHYTTAN",
  "V11E652839": "FÖRSKOLAN ÅSTUGAN",
  "V15E81333857": "Kyrkbacksskolan 7-9",
  "V15E82447364": "Kyrkbacksskolan F-6",
  "V21E8785": "Treskillingen",
  "V21E8786": "Yttre",
  "V23E1898": "Solgården",
  "V23E4528": "Koppargården",
  "V25E6845": "Gruppbostad Kata",
  "V25E8791": "Gruppboende Bergsmansvägen",
  "V25E9693": "Bångbro gruppbostad",
  "V26E5883": "Daglig verksamhet Solstickan",
  "V28E7382": "Solstickan LSS/SoL",
  "V29E10612": "Bångbro gruppbostad",
  "V11E188899": "FÖRSKOLAN ÄPPELGÅRDEN",
  "V11E242887": "FÖRSKOLAN SÖDRA",
  "V11E259313": "FÖRSKOLAN MULLHYTTAN",
  "V11E354628": "FÖRSKOLAN VÄXTHUSET BERGA",
  "V11E375785": "FÖRSKOLAN LÄR-KAN",
  "V11E428877": "FÖRSKOLAN TUMMELITEN",
  "V11E482379": "FÖRSKOLAN NORRGÅRDEN",
  "V11E674238": "FÖRSKOLAN ÄVENTYRET",
  "V11E721901": "FÖRSKOLAN SÖRGÅRDEN",
  "V15E181400201": "Mullhyttans skola",
  "V15E181400301": "Hidinge skola",
  "V15E181400401": "Lekebergsskolan 7-9",
  "V15E45620054": "Lekebergsskolan f-6",
  "V17E24445686": "Gymnasieutbildning i Lekeberg",
  "V21E11606": "Hemtjänsten",
  "V23E1879": "Linden",
  "V23E1880": "Oxelgården",
  "V25E8773": "Hasselbacken",
  "V25E8774": "Kastanjen",
  "V25E8775": "Sanna Gard",
  "V25E8776": "Stiftelsen Sanna. Backen",
  "V26E5866": "Daglig verksamhetÅterbruket/Andra chansen",
  "V26E5868": "daglig verksamhet hantverksgruppen",
  "V26E5869": "daglig verksamhet café",
  "V26E5870": "daglig verksamhet , konstgruppen",
  "V26E5871": "Biltvätt",
  "V26E5872": "Lilla paviljongen",
  "V26E7489": "Hantverkshuset",
  "V26E7976": "Daglig verksamhet",
  "V29E9179": "Hasselbacken",
  "V30E8078": "Kastanjen",
  "V31E7548": "Boendestöd"
}